[0m08:31:31.812858 [debug] [MainThread]: Sending event: {'category': 'dbt', 'action': 'invocation', 'label': 'start', 'context': [<snowplow_tracker.self_describing_json.SelfDescribingJson object at 0x1084292e0>, <snowplow_tracker.self_describing_json.SelfDescribingJson object at 0x10a4ec9b0>, <snowplow_tracker.self_describing_json.SelfDescribingJson object at 0x10a4ec710>]}


============================== 08:31:31.815489 | 81b81f9c-1144-459a-bc0b-37dbe3f6766a ==============================
[0m08:31:31.815489 [info ] [MainThread]: Running with dbt=1.11.6
[0m08:31:31.815815 [debug] [MainThread]: running dbt with arguments {'fail_fast': 'False', 'log_path': '/Users/rajarshiraychaudhuri/Documents/RajRayc_Git/healthcare_proj/logs', 'introspect': 'True', 'warn_error': 'None', 'cache_selected_only': 'False', 'empty': 'None', 'version_check': 'True', 'indirect_selection': 'eager', 'log_cache_events': 'False', 'profiles_dir': '/Users/rajarshiraychaudhuri/Documents/RajRayc_Git/healthcare_proj', 'quiet': 'False', 'printer_width': '80', 'write_json': 'True', 'use_experimental_parser': 'False', 'log_format': 'default', 'use_colors': 'True', 'target_path': 'None', 'invocation_command': 'dbt debug --target prod', 'no_print': 'None', 'static_parser': 'True', 'partial_parse': 'True', 'send_anonymous_usage_stats': 'True', 'debug': 'False', 'warn_error_options': 'WarnErrorOptionsV2(error=[], warn=[], silence=[])'}
[0m08:31:31.823801 [info ] [MainThread]: dbt version: 1.11.6
[0m08:31:31.824042 [info ] [MainThread]: python version: 3.12.10
[0m08:31:31.824335 [info ] [MainThread]: python path: /Users/rajarshiraychaudhuri/Documents/RajRayc_Git/healthcare_proj/.venv/bin/python3.12
[0m08:31:31.824524 [info ] [MainThread]: os info: macOS-26.5.1-arm64-arm-64bit
[0m08:31:32.017730 [debug] [MainThread]: Snowflake adapter: Setting snowflake.connector to ERROR (file logging only)
[0m08:31:32.017995 [debug] [MainThread]: Snowflake adapter: Setting botocore to ERROR (file logging only)
[0m08:31:32.018118 [debug] [MainThread]: Snowflake adapter: Setting boto3 to ERROR (file logging only)
[0m08:31:32.047207 [info ] [MainThread]: Using profiles dir at /Users/rajarshiraychaudhuri/Documents/RajRayc_Git/healthcare_proj
[0m08:31:32.047446 [info ] [MainThread]: Using profiles.yml file at /Users/rajarshiraychaudhuri/Documents/RajRayc_Git/healthcare_proj/profiles.yml
[0m08:31:32.047587 [info ] [MainThread]: Using dbt_project.yml file at /Users/rajarshiraychaudhuri/Documents/RajRayc_Git/healthcare_proj/dbt_project.yml
[0m08:31:32.047898 [info ] [MainThread]: adapter type: snowflake
[0m08:31:32.048020 [info ] [MainThread]: adapter version: 1.11.6
[0m08:31:32.096891 [info ] [MainThread]: Configuration:
[0m08:31:32.097147 [info ] [MainThread]:   profiles.yml file [[32mOK found and valid[0m]
[0m08:31:32.097280 [info ] [MainThread]:   dbt_project.yml file [[32mOK found and valid[0m]
[0m08:31:32.097392 [info ] [MainThread]: Required dependencies:
[0m08:31:32.097589 [debug] [MainThread]: Executing "git --help"
[0m08:31:32.111037 [debug] [MainThread]: STDOUT: "b"usage: git [-v | --version] [-h | --help] [-C <path>] [-c <name>=<value>]\n           [--exec-path[=<path>]] [--html-path] [--man-path] [--info-path]\n           [-p | --paginate | -P | --no-pager] [--no-replace-objects] [--no-lazy-fetch]\n           [--no-optional-locks] [--no-advice] [--bare] [--git-dir=<path>]\n           [--work-tree=<path>] [--namespace=<name>] [--config-env=<name>=<envvar>]\n           <command> [<args>]\n\nThese are common Git commands used in various situations:\n\nstart a working area (see also: git help tutorial)\n   clone      Clone a repository into a new directory\n   init       Create an empty Git repository or reinitialize an existing one\n\nwork on the current change (see also: git help everyday)\n   add        Add file contents to the index\n   mv         Move or rename a file, a directory, or a symlink\n   restore    Restore working tree files\n   rm         Remove files from the working tree and from the index\n\nexamine the history and state (see also: git help revisions)\n   bisect     Use binary search to find the commit that introduced a bug\n   diff       Show changes between commits, commit and working tree, etc\n   grep       Print lines matching a pattern\n   log        Show commit logs\n   show       Show various types of objects\n   status     Show the working tree status\n\ngrow, mark and tweak your common history\n   backfill   Download missing objects in a partial clone\n   branch     List, create, or delete branches\n   commit     Record changes to the repository\n   merge      Join two or more development histories together\n   rebase     Reapply commits on top of another base tip\n   reset      Reset current HEAD to the specified state\n   switch     Switch branches\n   tag        Create, list, delete or verify a tag object signed with GPG\n\ncollaborate (see also: git help workflows)\n   fetch      Download objects and refs from another repository\n   pull       Fetch from and integrate with another repository or a local branch\n   push       Update remote refs along with associated objects\n\n'git help -a' and 'git help -g' list available subcommands and some\nconcept guides. See 'git help <command>' or 'git help <concept>'\nto read about a specific subcommand or concept.\nSee 'git help git' for an overview of the system.\n""
[0m08:31:32.111543 [debug] [MainThread]: STDERR: "b''"
[0m08:31:32.111707 [info ] [MainThread]:  - git [[32mOK found[0m]

[0m08:31:32.111852 [info ] [MainThread]: Connection:
[0m08:31:32.112016 [info ] [MainThread]:   account: EXTXVUH-GR67914
[0m08:31:32.112128 [info ] [MainThread]:   user: RRC1408
[0m08:31:32.112233 [info ] [MainThread]:   database: HEALTHCARE_DB
[0m08:31:32.112337 [info ] [MainThread]:   warehouse: HEALTHCARE_WH
[0m08:31:32.112441 [info ] [MainThread]:   role: DBT_ROLE
[0m08:31:32.112541 [info ] [MainThread]:   schema: STAGING
[0m08:31:32.112645 [info ] [MainThread]:   authenticator: None
[0m08:31:32.112752 [info ] [MainThread]:   oauth_client_id: None
[0m08:31:32.112849 [info ] [MainThread]:   query_tag: None
[0m08:31:32.112948 [info ] [MainThread]:   client_session_keep_alive: False
[0m08:31:32.113047 [info ] [MainThread]:   host: None
[0m08:31:32.113160 [info ] [MainThread]:   port: None
[0m08:31:32.113254 [info ] [MainThread]:   proxy_host: None
[0m08:31:32.113362 [info ] [MainThread]:   proxy_port: None
[0m08:31:32.113458 [info ] [MainThread]:   protocol: None
[0m08:31:32.113560 [info ] [MainThread]:   connect_retries: 1
[0m08:31:32.113659 [info ] [MainThread]:   connect_timeout: None
[0m08:31:32.113757 [info ] [MainThread]:   retry_on_database_errors: False
[0m08:31:32.113855 [info ] [MainThread]:   retry_all: False
[0m08:31:32.113953 [info ] [MainThread]:   insecure_mode: False
[0m08:31:32.114049 [info ] [MainThread]:   reuse_connections: True
[0m08:31:32.114146 [info ] [MainThread]:   s3_stage_vpce_dns_name: None
[0m08:31:32.114245 [info ] [MainThread]:   platform_detection_timeout_seconds: 0.0
[0m08:31:32.114542 [info ] [MainThread]: Registered adapter: snowflake=1.11.6
[0m08:31:32.171598 [debug] [MainThread]: Acquiring new snowflake connection 'debug'
[0m08:31:32.195696 [debug] [MainThread]: Using snowflake connection "debug"
[0m08:31:32.195890 [debug] [MainThread]: On debug: select 1 as id
[0m08:31:32.195997 [debug] [MainThread]: Opening a new connection, currently in state init
[0m08:31:32.834285 [debug] [MainThread]: SQL status: SUCCESS 1 in 0.638 seconds
[0m08:31:32.835066 [info ] [MainThread]:   Connection test: [[32mOK connection ok[0m]

[0m08:31:32.835323 [info ] [MainThread]: [32mAll checks passed![0m
[0m08:31:32.838623 [debug] [MainThread]: Resource report: {"command_name": "debug", "command_success": true, "command_wall_clock_time": 1.0628529, "process_in_blocks": "0", "process_kernel_time": 0.193918, "process_mem_max_rss": "169754624", "process_out_blocks": "0", "process_user_time": 1.134542}
[0m08:31:32.838973 [debug] [MainThread]: Command `dbt debug` succeeded at 08:31:32.838907 after 1.06 seconds
[0m08:31:32.839195 [debug] [MainThread]: Connection 'debug' was left open.
[0m08:31:32.839371 [debug] [MainThread]: On debug: Close
[0m08:31:32.880860 [debug] [MainThread]: Sending event: {'category': 'dbt', 'action': 'invocation', 'label': 'end', 'context': [<snowplow_tracker.self_describing_json.SelfDescribingJson object at 0x10a04edb0>, <snowplow_tracker.self_describing_json.SelfDescribingJson object at 0x10a064f80>, <snowplow_tracker.self_describing_json.SelfDescribingJson object at 0x10c9d2510>]}
[0m08:31:32.881236 [debug] [MainThread]: Flushing usage events
[0m08:31:33.786654 [debug] [MainThread]: An error was encountered while trying to flush usage events
[0m08:31:49.137177 [debug] [MainThread]: Sending event: {'category': 'dbt', 'action': 'invocation', 'label': 'start', 'context': [<snowplow_tracker.self_describing_json.SelfDescribingJson object at 0x1090254c0>, <snowplow_tracker.self_describing_json.SelfDescribingJson object at 0x1097e8ef0>, <snowplow_tracker.self_describing_json.SelfDescribingJson object at 0x1097e8c50>]}


============================== 08:31:49.139181 | f9c2c4c1-de06-49fa-9341-058608c5d2b3 ==============================
[0m08:31:49.139181 [info ] [MainThread]: Running with dbt=1.11.6
[0m08:31:49.139452 [debug] [MainThread]: running dbt with arguments {'log_path': '/Users/rajarshiraychaudhuri/Documents/RajRayc_Git/healthcare_proj/logs', 'fail_fast': 'False', 'target_path': 'None', 'cache_selected_only': 'False', 'version_check': 'True', 'printer_width': '80', 'indirect_selection': 'eager', 'log_format': 'default', 'no_print': 'None', 'use_experimental_parser': 'False', 'profiles_dir': '/Users/rajarshiraychaudhuri/Documents/RajRayc_Git/healthcare_proj', 'warn_error': 'None', 'static_parser': 'True', 'partial_parse': 'True', 'send_anonymous_usage_stats': 'True', 'quiet': 'False', 'log_cache_events': 'False', 'debug': 'False', 'use_colors': 'True', 'warn_error_options': 'WarnErrorOptionsV2(error=[], warn=[], silence=[])', 'write_json': 'True', 'introspect': 'True', 'empty': 'False', 'invocation_command': 'dbt build --target prod --profiles-dir /Users/rajarshiraychaudhuri/Documents/RajRayc_Git/healthcare_proj'}
[0m08:31:49.256939 [debug] [MainThread]: Snowflake adapter: Setting snowflake.connector to ERROR (file logging only)
[0m08:31:49.257341 [debug] [MainThread]: Snowflake adapter: Setting botocore to ERROR (file logging only)
[0m08:31:49.257535 [debug] [MainThread]: Snowflake adapter: Setting boto3 to ERROR (file logging only)
[0m08:31:49.372229 [debug] [MainThread]: Sending event: {'category': 'dbt', 'action': 'project_id', 'label': 'f9c2c4c1-de06-49fa-9341-058608c5d2b3', 'context': [<snowplow_tracker.self_describing_json.SelfDescribingJson object at 0x1097e8e90>]}
[0m08:31:49.404213 [debug] [MainThread]: Sending event: {'category': 'dbt', 'action': 'adapter_info', 'label': 'f9c2c4c1-de06-49fa-9341-058608c5d2b3', 'context': [<snowplow_tracker.self_describing_json.SelfDescribingJson object at 0x10b2fd610>]}
[0m08:31:49.404734 [info ] [MainThread]: Registered adapter: snowflake=1.11.6
[0m08:31:49.466046 [debug] [MainThread]: checksum: fda039cb47cdf0e627679f660a87812f9dc734dcd251ec88b5466764946323e4, vars: {}, profile: , target: prod, version: 1.11.6
[0m08:31:49.513527 [info ] [MainThread]: Unable to do partial parsing because config vars, config profile, or config target have changed
[0m08:31:49.513782 [debug] [MainThread]: previous checksum: fda039cb47cdf0e627679f660a87812f9dc734dcd251ec88b5466764946323e4, current checksum: ec27062d18352e9cfca161c166fcc73d2201661a23a3cf3c89196a27f32cfcb8
[0m08:31:49.513932 [debug] [MainThread]: Sending event: {'category': 'dbt', 'action': 'partial_parser', 'label': 'f9c2c4c1-de06-49fa-9341-058608c5d2b3', 'context': [<snowplow_tracker.self_describing_json.SelfDescribingJson object at 0x10b8f8e60>]}
[0m08:31:50.205871 [debug] [MainThread]: Sending event: {'category': 'dbt', 'action': 'load_project', 'label': 'f9c2c4c1-de06-49fa-9341-058608c5d2b3', 'context': [<snowplow_tracker.self_describing_json.SelfDescribingJson object at 0x10bc74560>]}
[0m08:31:50.243981 [debug] [MainThread]: Wrote artifact WritableManifest to /Users/rajarshiraychaudhuri/Documents/RajRayc_Git/healthcare_proj/target/manifest.json
[0m08:31:50.247292 [debug] [MainThread]: Wrote artifact SemanticManifest to /Users/rajarshiraychaudhuri/Documents/RajRayc_Git/healthcare_proj/target/semantic_manifest.json
[0m08:31:50.262361 [debug] [MainThread]: Sending event: {'category': 'dbt', 'action': 'resource_counts', 'label': 'f9c2c4c1-de06-49fa-9341-058608c5d2b3', 'context': [<snowplow_tracker.self_describing_json.SelfDescribingJson object at 0x10bdf65a0>]}
[0m08:31:50.262597 [info ] [MainThread]: Found 8 models, 2 snapshots, 3 data tests, 6 sources, 542 macros
[0m08:31:50.263721 [info ] [MainThread]: 
[0m08:31:50.263865 [info ] [MainThread]: Concurrency: 8 threads (target='prod')
[0m08:31:50.263975 [info ] [MainThread]: 
[0m08:31:50.264170 [debug] [MainThread]: Acquiring new snowflake connection 'master'
[0m08:31:50.266474 [debug] [ThreadPool]: Acquiring new snowflake connection 'list_HEALTHCARE_DB'
[0m08:31:50.266696 [debug] [ThreadPool]: Acquiring new snowflake connection 'list_HEALTHCARE_DB'
[0m08:31:50.271853 [debug] [ThreadPool]: Acquiring new snowflake connection 'list_HEALTHCARE_DB'
[0m08:31:50.272761 [debug] [ThreadPool]: Acquiring new snowflake connection 'list_HEALTHCARE_DB'
[0m08:31:50.295373 [debug] [ThreadPool]: Using snowflake connection "list_HEALTHCARE_DB"
[0m08:31:50.295646 [debug] [ThreadPool]: Using snowflake connection "list_HEALTHCARE_DB"
[0m08:31:50.295806 [debug] [ThreadPool]: On list_HEALTHCARE_DB: show terse schemas in database HEALTHCARE_DB
    limit 10000
/* {"app": "dbt", "dbt_version": "1.11.6", "profile_name": "healthcare_proj", "target_name": "prod", "connection_name": "list_HEALTHCARE_DB"} */
[0m08:31:50.295977 [debug] [ThreadPool]: Using snowflake connection "list_HEALTHCARE_DB"
[0m08:31:50.296159 [debug] [ThreadPool]: Using snowflake connection "list_HEALTHCARE_DB"
[0m08:31:50.296303 [debug] [ThreadPool]: On list_HEALTHCARE_DB: show terse schemas in database HEALTHCARE_DB
    limit 10000
/* {"app": "dbt", "dbt_version": "1.11.6", "profile_name": "healthcare_proj", "target_name": "prod", "connection_name": "list_HEALTHCARE_DB"} */
[0m08:31:50.296436 [debug] [ThreadPool]: Opening a new connection, currently in state init
[0m08:31:50.296563 [debug] [ThreadPool]: On list_HEALTHCARE_DB: show terse schemas in database HEALTHCARE_DB
    limit 10000
/* {"app": "dbt", "dbt_version": "1.11.6", "profile_name": "healthcare_proj", "target_name": "prod", "connection_name": "list_HEALTHCARE_DB"} */
[0m08:31:50.296726 [debug] [ThreadPool]: On list_HEALTHCARE_DB: show terse schemas in database HEALTHCARE_DB
    limit 10000
/* {"app": "dbt", "dbt_version": "1.11.6", "profile_name": "healthcare_proj", "target_name": "prod", "connection_name": "list_HEALTHCARE_DB"} */
[0m08:31:50.296881 [debug] [ThreadPool]: Opening a new connection, currently in state init
[0m08:31:50.297025 [debug] [ThreadPool]: Opening a new connection, currently in state init
[0m08:31:50.297147 [debug] [ThreadPool]: Opening a new connection, currently in state init
[0m08:31:50.942190 [debug] [ThreadPool]: SQL status: SUCCESS 9 in 0.645 seconds
[0m08:31:50.942719 [debug] [ThreadPool]: SQL status: SUCCESS 9 in 0.646 seconds
[0m08:31:50.944181 [debug] [ThreadPool]: SQL status: SUCCESS 9 in 0.648 seconds
[0m08:31:50.944584 [debug] [ThreadPool]: SQL status: SUCCESS 9 in 0.647 seconds
[0m08:31:50.946869 [debug] [ThreadPool]: Re-using an available connection from the pool (formerly list_HEALTHCARE_DB, now create_HEALTHCARE_DB_snapshots)
[0m08:31:50.947162 [debug] [ThreadPool]: Creating schema "database: "HEALTHCARE_DB"
schema: "snapshots"
"
[0m08:31:50.950176 [debug] [ThreadPool]: Using snowflake connection "create_HEALTHCARE_DB_snapshots"
[0m08:31:50.950404 [debug] [ThreadPool]: On create_HEALTHCARE_DB_snapshots: create schema if not exists HEALTHCARE_DB.snapshots
/* {"app": "dbt", "dbt_version": "1.11.6", "profile_name": "healthcare_proj", "target_name": "prod", "connection_name": "create_HEALTHCARE_DB_snapshots"} */
[0m08:31:51.004543 [debug] [ThreadPool]: SQL status: SUCCESS 1 in 0.054 seconds
[0m08:31:51.006443 [debug] [ThreadPool]: Re-using an available connection from the pool (formerly list_HEALTHCARE_DB, now list_HEALTHCARE_DB_STAGING_intermediate)
[0m08:31:51.006825 [debug] [ThreadPool]: Re-using an available connection from the pool (formerly create_HEALTHCARE_DB_snapshots, now list_HEALTHCARE_DB_STAGING_marts)
[0m08:31:51.013836 [debug] [ThreadPool]: Re-using an available connection from the pool (formerly list_HEALTHCARE_DB, now list_HEALTHCARE_DB_STAGING_staging)
[0m08:31:51.015508 [debug] [ThreadPool]: Using snowflake connection "list_HEALTHCARE_DB_STAGING_intermediate"
[0m08:31:51.015876 [debug] [ThreadPool]: Re-using an available connection from the pool (formerly list_HEALTHCARE_DB, now list_HEALTHCARE_DB_snapshots)
[0m08:31:51.017414 [debug] [ThreadPool]: Using snowflake connection "list_HEALTHCARE_DB_STAGING_marts"
[0m08:31:51.018713 [debug] [ThreadPool]: Using snowflake connection "list_HEALTHCARE_DB_STAGING_staging"
[0m08:31:51.018911 [debug] [ThreadPool]: On list_HEALTHCARE_DB_STAGING_intermediate: show objects in HEALTHCARE_DB.STAGING_intermediate
    limit 10000
    

/* {"app": "dbt", "dbt_version": "1.11.6", "profile_name": "healthcare_proj", "target_name": "prod", "connection_name": "list_HEALTHCARE_DB_STAGING_intermediate"} */;
[0m08:31:51.020845 [debug] [ThreadPool]: Using snowflake connection "list_HEALTHCARE_DB_snapshots"
[0m08:31:51.021014 [debug] [ThreadPool]: On list_HEALTHCARE_DB_STAGING_marts: show objects in HEALTHCARE_DB.STAGING_marts
    limit 10000
    

/* {"app": "dbt", "dbt_version": "1.11.6", "profile_name": "healthcare_proj", "target_name": "prod", "connection_name": "list_HEALTHCARE_DB_STAGING_marts"} */;
[0m08:31:51.021175 [debug] [ThreadPool]: On list_HEALTHCARE_DB_STAGING_staging: show objects in HEALTHCARE_DB.STAGING_staging
    limit 10000
    

/* {"app": "dbt", "dbt_version": "1.11.6", "profile_name": "healthcare_proj", "target_name": "prod", "connection_name": "list_HEALTHCARE_DB_STAGING_staging"} */;
[0m08:31:51.021558 [debug] [ThreadPool]: On list_HEALTHCARE_DB_snapshots: show objects in HEALTHCARE_DB.snapshots
    limit 10000
    

/* {"app": "dbt", "dbt_version": "1.11.6", "profile_name": "healthcare_proj", "target_name": "prod", "connection_name": "list_HEALTHCARE_DB_snapshots"} */;
[0m08:31:51.076540 [debug] [ThreadPool]: SQL status: SUCCESS 0 in 0.054 seconds
[0m08:31:51.093310 [debug] [ThreadPool]: SQL status: SUCCESS 2 in 0.071 seconds
[0m08:31:51.095978 [debug] [ThreadPool]: SQL status: SUCCESS 3 in 0.075 seconds
[0m08:31:51.096526 [debug] [ThreadPool]: SQL status: SUCCESS 3 in 0.074 seconds
[0m08:31:51.099241 [debug] [MainThread]: Sending event: {'category': 'dbt', 'action': 'runnable_timing', 'label': 'f9c2c4c1-de06-49fa-9341-058608c5d2b3', 'context': [<snowplow_tracker.self_describing_json.SelfDescribingJson object at 0x10bd6cbf0>]}
[0m08:31:51.101716 [debug] [Thread-2 (]: Began running node model.healthcare_proj.stg_claims
[0m08:31:51.101968 [debug] [Thread-3 (]: Began running node model.healthcare_proj.stg_encounters
[0m08:31:51.102208 [debug] [Thread-4 (]: Began running node model.healthcare_proj.stg_patients
[0m08:31:51.102706 [debug] [Thread-5 (]: Began running node snapshot.healthcare_proj.snap_patient_insurance
[0m08:31:51.102523 [info ] [Thread-2 (]: 1 of 13 START sql view model STAGING_staging.stg_claims ........................ [RUN]
[0m08:31:51.102968 [debug] [Thread-6 (]: Began running node snapshot.healthcare_proj.snap_provider
[0m08:31:51.103231 [info ] [Thread-3 (]: 2 of 13 START sql view model STAGING_staging.stg_encounters .................... [RUN]
[0m08:31:51.103525 [info ] [Thread-4 (]: 3 of 13 START sql view model STAGING_staging.stg_patients ...................... [RUN]
[0m08:31:51.103816 [info ] [Thread-5 (]: 4 of 13 START snapshot snapshots.snap_patient_insurance ........................ [RUN]
[0m08:31:51.104076 [debug] [Thread-2 (]: Re-using an available connection from the pool (formerly list_HEALTHCARE_DB_STAGING_intermediate, now model.healthcare_proj.stg_claims)
[0m08:31:51.104351 [info ] [Thread-6 (]: 5 of 13 START snapshot snapshots.snap_provider ................................. [RUN]
[0m08:31:51.104569 [debug] [Thread-3 (]: Re-using an available connection from the pool (formerly list_HEALTHCARE_DB_STAGING_marts, now model.healthcare_proj.stg_encounters)
[0m08:31:51.104782 [debug] [Thread-4 (]: Re-using an available connection from the pool (formerly list_HEALTHCARE_DB_STAGING_staging, now model.healthcare_proj.stg_patients)
[0m08:31:51.105253 [debug] [Thread-5 (]: Re-using an available connection from the pool (formerly list_HEALTHCARE_DB_snapshots, now snapshot.healthcare_proj.snap_patient_insurance)
[0m08:31:51.105476 [debug] [Thread-2 (]: Began compiling node model.healthcare_proj.stg_claims
[0m08:31:51.105743 [debug] [Thread-6 (]: Acquiring new snowflake connection 'snapshot.healthcare_proj.snap_provider'
[0m08:31:51.105936 [debug] [Thread-3 (]: Began compiling node model.healthcare_proj.stg_encounters
[0m08:31:51.106130 [debug] [Thread-4 (]: Began compiling node model.healthcare_proj.stg_patients
[0m08:31:51.106334 [debug] [Thread-5 (]: Began compiling node snapshot.healthcare_proj.snap_patient_insurance
[0m08:31:51.111032 [debug] [Thread-2 (]: Writing injected SQL for node "model.healthcare_proj.stg_claims"
[0m08:31:51.111307 [debug] [Thread-6 (]: Began compiling node snapshot.healthcare_proj.snap_provider
[0m08:31:51.112938 [debug] [Thread-3 (]: Writing injected SQL for node "model.healthcare_proj.stg_encounters"
[0m08:31:51.114412 [debug] [Thread-4 (]: Writing injected SQL for node "model.healthcare_proj.stg_patients"
[0m08:31:51.116460 [debug] [Thread-5 (]: Began executing node snapshot.healthcare_proj.snap_patient_insurance
[0m08:31:51.118284 [debug] [Thread-6 (]: Began executing node snapshot.healthcare_proj.snap_provider
[0m08:31:51.158295 [debug] [Thread-5 (]: Using snowflake connection "snapshot.healthcare_proj.snap_patient_insurance"
[0m08:31:51.162078 [debug] [Thread-6 (]: Using snowflake connection "snapshot.healthcare_proj.snap_provider"
[0m08:31:51.162295 [debug] [Thread-4 (]: Began executing node model.healthcare_proj.stg_patients
[0m08:31:51.162478 [debug] [Thread-2 (]: Began executing node model.healthcare_proj.stg_claims
[0m08:31:51.162670 [debug] [Thread-5 (]: On snapshot.healthcare_proj.snap_patient_insurance: select * from (
        
    

    select *,
        md5(coalesce(cast(patient_id as varchar ), '')
         || '|' || coalesce(cast(to_timestamp_ntz(convert_timezone('UTC', current_timestamp())) as varchar ), '')
        ) as dbt_scd_id,
        to_timestamp_ntz(convert_timezone('UTC', current_timestamp())) as dbt_updated_at,
        to_timestamp_ntz(convert_timezone('UTC', current_timestamp())) as dbt_valid_from,
        
  
  coalesce(nullif(to_timestamp_ntz(convert_timezone('UTC', current_timestamp())), to_timestamp_ntz(convert_timezone('UTC', current_timestamp()))), null)
  as dbt_valid_to
from (
        


select 
patient_id,
insurance_id,
insurance_type
from
HEALTHCARE_DB.RAW.patients
    ) sbq



    ) as __dbt_sbq
    where false
    limit 0
/* {"app": "dbt", "dbt_version": "1.11.6", "profile_name": "healthcare_proj", "target_name": "prod", "node_id": "snapshot.healthcare_proj.snap_patient_insurance"} */
/* {"app": "dbt", "dbt_version": "1.11.6", "profile_name": "healthcare_proj", "target_name": "prod", "node_id": "snapshot.healthcare_proj.snap_patient_insurance"} */
[0m08:31:51.162865 [debug] [Thread-3 (]: Began executing node model.healthcare_proj.stg_encounters
[0m08:31:51.163029 [debug] [Thread-6 (]: On snapshot.healthcare_proj.snap_provider: select * from (
        
    

    select *,
        md5(coalesce(cast(provider_id as varchar ), '')
         || '|' || coalesce(cast(updated_at as varchar ), '')
        ) as dbt_scd_id,
        updated_at as dbt_updated_at,
        updated_at as dbt_valid_from,
        
  
  coalesce(nullif(updated_at, updated_at), null)
  as dbt_valid_to
from (
        


select
provider_id,
provider_name,
provider_specialty
from
HEALTHCARE_DB.RAW.providers
    ) sbq



    ) as __dbt_sbq
    where false
    limit 0
/* {"app": "dbt", "dbt_version": "1.11.6", "profile_name": "healthcare_proj", "target_name": "prod", "node_id": "snapshot.healthcare_proj.snap_provider"} */
/* {"app": "dbt", "dbt_version": "1.11.6", "profile_name": "healthcare_proj", "target_name": "prod", "node_id": "snapshot.healthcare_proj.snap_provider"} */
[0m08:31:51.171740 [debug] [Thread-4 (]: Writing runtime sql for node "model.healthcare_proj.stg_patients"
[0m08:31:51.172927 [debug] [Thread-2 (]: Writing runtime sql for node "model.healthcare_proj.stg_claims"
[0m08:31:51.174140 [debug] [Thread-3 (]: Writing runtime sql for node "model.healthcare_proj.stg_encounters"
[0m08:31:51.174698 [debug] [Thread-6 (]: Opening a new connection, currently in state init
[0m08:31:51.175885 [debug] [Thread-4 (]: Using snowflake connection "model.healthcare_proj.stg_patients"
[0m08:31:51.176306 [debug] [Thread-3 (]: Using snowflake connection "model.healthcare_proj.stg_encounters"
[0m08:31:51.176482 [debug] [Thread-4 (]: On model.healthcare_proj.stg_patients: create or replace   view HEALTHCARE_DB.STAGING_staging.stg_patients
  
  
  
  
  as (
    with source as (
    select * from HEALTHCARE_DB.RAW.patients
)
,
cleaned as (
    select 
        patient_id,
        --name cleaning
        initcap(trim(first_name)) as first_name,
        initcap(trim(last_name)) as last_name,
        initcap(trim(first_name)) || ' ' || initcap(trim(last_name)) as full_name,
        dob as dateofbirth,
        floor(datediff(day, dob, current_date()) / 365.25) as current_age,
        case
        when floor(datediff(day, dob, current_date()) / 365.25) < 18 then 'Child'
        when floor(datediff(day, dob, current_date()) / 365.25) between 18 and 64 then 'Adult'
        else 'Senior'
        end as age_group,
        upper(trim(gender)) as gender,
        trim(race) as race,
        trim(ethnicity) as ethnicity,
        zip_code,
        upper(state) as state,
        insurance_type,
        insurance_id,
        pcp_provider_id
    from source
)

select * from cleaned
  )
/* {"app": "dbt", "dbt_version": "1.11.6", "profile_name": "healthcare_proj", "target_name": "prod", "node_id": "model.healthcare_proj.stg_patients"} */;
[0m08:31:51.176841 [debug] [Thread-2 (]: Using snowflake connection "model.healthcare_proj.stg_claims"
[0m08:31:51.177082 [debug] [Thread-3 (]: On model.healthcare_proj.stg_encounters: create or replace   view HEALTHCARE_DB.STAGING_staging.stg_encounters
  
  
  
  
  as (
    with source as (
    select * from HEALTHCARE_DB.RAW.encounters
),
cleaned as (
    select 
        --ids
        encounter_id,
        patient_id,
        provider_id,
        facility_id,
        initcap(trim(encounter_type)) as encounter_type,
        --date validations
        encounter_date,
        discharge_date,
        case when discharge_date is not null and discharge_date> encounter_date then true else false end as valid_stay,
        discharge_disposition
    from source
)
select * from cleaned
  )
/* {"app": "dbt", "dbt_version": "1.11.6", "profile_name": "healthcare_proj", "target_name": "prod", "node_id": "model.healthcare_proj.stg_encounters"} */;
[0m08:31:51.227319 [debug] [Thread-2 (]: On model.healthcare_proj.stg_claims: create or replace   view HEALTHCARE_DB.STAGING_staging.stg_claims
  
  
  
  
  as (
    with source as(
    select * from HEALTHCARE_DB.RAW.claims
),
cleaned as (
    select
        claim_id,
        patient_id,
        encounter_id,
        payer_id,
        initcap(trim(claim_type)) as claim_type,
        submitted_date,
        paid_date
        --financial data
        billed_amount,
        paid_amount,
        allowed_amount,
        --claim status
        initcap(trim(claim_status)) as claim_status
        from source
)
select * from cleaned
  )
/* {"app": "dbt", "dbt_version": "1.11.6", "profile_name": "healthcare_proj", "target_name": "prod", "node_id": "model.healthcare_proj.stg_claims"} */;
[0m08:31:51.358765 [debug] [Thread-2 (]: SQL status: SUCCESS 1 in 0.131 seconds
[0m08:31:51.359243 [debug] [Thread-3 (]: SQL status: SUCCESS 1 in 0.131 seconds
[0m08:31:51.359616 [debug] [Thread-4 (]: SQL status: SUCCESS 1 in 0.133 seconds
[0m08:31:51.376595 [debug] [Thread-2 (]: Sending event: {'category': 'dbt', 'action': 'run_model', 'label': 'f9c2c4c1-de06-49fa-9341-058608c5d2b3', 'context': [<snowplow_tracker.self_describing_json.SelfDescribingJson object at 0x1097fd550>]}
[0m08:31:51.376816 [debug] [Thread-3 (]: Sending event: {'category': 'dbt', 'action': 'run_model', 'label': 'f9c2c4c1-de06-49fa-9341-058608c5d2b3', 'context': [<snowplow_tracker.self_describing_json.SelfDescribingJson object at 0x10729ede0>]}
[0m08:31:51.376971 [debug] [Thread-4 (]: Sending event: {'category': 'dbt', 'action': 'run_model', 'label': 'f9c2c4c1-de06-49fa-9341-058608c5d2b3', 'context': [<snowplow_tracker.self_describing_json.SelfDescribingJson object at 0x10c622000>]}
[0m08:31:51.377297 [info ] [Thread-2 (]: 1 of 13 OK created sql view model STAGING_staging.stg_claims ................... [[32mSUCCESS 1[0m in 0.27s]
[0m08:31:51.377558 [info ] [Thread-3 (]: 2 of 13 OK created sql view model STAGING_staging.stg_encounters ............... [[32mSUCCESS 1[0m in 0.27s]
[0m08:31:51.378089 [debug] [Thread-2 (]: Finished running node model.healthcare_proj.stg_claims
[0m08:31:51.377772 [info ] [Thread-4 (]: 3 of 13 OK created sql view model STAGING_staging.stg_patients ................. [[32mSUCCESS 1[0m in 0.27s]
[0m08:31:51.378352 [debug] [Thread-3 (]: Finished running node model.healthcare_proj.stg_encounters
[0m08:31:51.378621 [debug] [Thread-4 (]: Finished running node model.healthcare_proj.stg_patients
[0m08:31:51.378921 [debug] [Thread-8 (]: Began running node model.healthcare_proj.fact_encounters
[0m08:31:51.379115 [info ] [Thread-8 (]: 6 of 13 START sql incremental model STAGING_marts.fact_encounters .............. [RUN]
[0m08:31:51.379278 [debug] [Thread-9 (]: Began running node model.healthcare_proj.int_churn_metrics
[0m08:31:51.379497 [debug] [Thread-8 (]: Acquiring new snowflake connection 'model.healthcare_proj.fact_encounters'
[0m08:31:51.379656 [debug] [Thread-7 (]: Began running node test.healthcare_proj.accepted_values_stg_patients_gender__M__F__O.8592a557cd
[0m08:31:51.379847 [info ] [Thread-9 (]: 7 of 13 START sql view model STAGING_intermediate.int_churn_metrics ............ [RUN]
[0m08:31:51.380016 [debug] [Thread-2 (]: Began running node test.healthcare_proj.not_null_stg_patients_patient_id.e578180344
[0m08:31:51.380156 [debug] [Thread-8 (]: Began compiling node model.healthcare_proj.fact_encounters
[0m08:31:51.380289 [debug] [Thread-3 (]: Began running node test.healthcare_proj.unique_stg_patients_patient_id.8907d3ccf0
[0m08:31:51.380441 [info ] [Thread-7 (]: 8 of 13 START test accepted_values_stg_patients_gender__M__F__O ................ [RUN]
[0m08:31:51.380636 [debug] [Thread-9 (]: Acquiring new snowflake connection 'model.healthcare_proj.int_churn_metrics'
[0m08:31:51.380781 [info ] [Thread-2 (]: 9 of 13 START test not_null_stg_patients_patient_id ............................ [RUN]
[0m08:31:51.384290 [debug] [Thread-8 (]: Writing injected SQL for node "model.healthcare_proj.fact_encounters"
[0m08:31:51.384538 [info ] [Thread-3 (]: 10 of 13 START test unique_stg_patients_patient_id ............................. [RUN]
[0m08:31:51.384784 [debug] [Thread-7 (]: Acquiring new snowflake connection 'test.healthcare_proj.accepted_values_stg_patients_gender__M__F__O.8592a557cd'
[0m08:31:51.384938 [debug] [Thread-9 (]: Began compiling node model.healthcare_proj.int_churn_metrics
[0m08:31:51.385081 [debug] [Thread-2 (]: Re-using an available connection from the pool (formerly model.healthcare_proj.stg_claims, now test.healthcare_proj.not_null_stg_patients_patient_id.e578180344)
[0m08:31:51.385270 [debug] [Thread-3 (]: Re-using an available connection from the pool (formerly model.healthcare_proj.stg_encounters, now test.healthcare_proj.unique_stg_patients_patient_id.8907d3ccf0)
[0m08:31:51.385446 [debug] [Thread-7 (]: Began compiling node test.healthcare_proj.accepted_values_stg_patients_gender__M__F__O.8592a557cd
[0m08:31:51.387519 [debug] [Thread-9 (]: Writing injected SQL for node "model.healthcare_proj.int_churn_metrics"
[0m08:31:51.387712 [debug] [Thread-2 (]: Began compiling node test.healthcare_proj.not_null_stg_patients_patient_id.e578180344
[0m08:31:51.387889 [debug] [Thread-3 (]: Began compiling node test.healthcare_proj.unique_stg_patients_patient_id.8907d3ccf0
[0m08:31:51.388040 [debug] [Thread-8 (]: Began executing node model.healthcare_proj.fact_encounters
[0m08:31:51.389653 [debug] [Thread-7 (]: Writing injected SQL for node "test.healthcare_proj.accepted_values_stg_patients_gender__M__F__O.8592a557cd"
[0m08:31:51.393290 [debug] [Thread-2 (]: Writing injected SQL for node "test.healthcare_proj.not_null_stg_patients_patient_id.e578180344"
[0m08:31:51.395762 [debug] [Thread-3 (]: Writing injected SQL for node "test.healthcare_proj.unique_stg_patients_patient_id.8907d3ccf0"
[0m08:31:51.402241 [debug] [Thread-9 (]: Began executing node model.healthcare_proj.int_churn_metrics
[0m08:31:51.416167 [debug] [Thread-8 (]: Using snowflake connection "model.healthcare_proj.fact_encounters"
[0m08:31:51.417552 [debug] [Thread-9 (]: Writing runtime sql for node "model.healthcare_proj.int_churn_metrics"
[0m08:31:51.417781 [debug] [Thread-8 (]: On model.healthcare_proj.fact_encounters: create or replace  temporary view HEALTHCARE_DB.STAGING_marts.fact_encounters__dbt_tmp
  
  
  
  
  as (
    

with encounters as(
    select *
    from HEALTHCARE_DB.STAGING_staging.stg_encounters
),
dx as (
    select *
    from HEALTHCARE_DB.RAW.diagnoses
),
mds as (
    select *
    from HEALTHCARE_DB.RAW.medications
),
pivots as
(
    --diagnoses
    select
    encounter_id,
    count(*) as diagnosis_count,
    max(case when icd10_code like 'I%' then 1 else 0 end) as has_cardiovascular_dx,
    max(case when icd10_code like 'J%' then 1 else 0 end) as has_respiratory_dx,
    count(distinct medication_id) as distinct_medication_count
    from dx
    left join mds using(encounter_id)
    group by encounter_id
)
select 
    encounters.*,
    pivots.diagnosis_count,
    pivots.has_cardiovascular_dx,
    pivots.has_respiratory_dx,
    pivots.distinct_medication_count
from encounters
left join pivots using(encounter_id)


  where encounters.encounter_date > (select max(encounter_date) from HEALTHCARE_DB.STAGING_marts.fact_encounters)

  )
/* {"app": "dbt", "dbt_version": "1.11.6", "profile_name": "healthcare_proj", "target_name": "prod", "node_id": "model.healthcare_proj.fact_encounters"} */;
[0m08:31:51.418172 [debug] [Thread-2 (]: Began executing node test.healthcare_proj.not_null_stg_patients_patient_id.e578180344
[0m08:31:51.418336 [debug] [Thread-7 (]: Began executing node test.healthcare_proj.accepted_values_stg_patients_gender__M__F__O.8592a557cd
[0m08:31:51.418461 [debug] [Thread-3 (]: Began executing node test.healthcare_proj.unique_stg_patients_patient_id.8907d3ccf0
[0m08:31:51.419071 [debug] [Thread-9 (]: Using snowflake connection "model.healthcare_proj.int_churn_metrics"
[0m08:31:51.419220 [debug] [Thread-8 (]: Opening a new connection, currently in state init
[0m08:31:51.426957 [debug] [Thread-2 (]: Writing runtime sql for node "test.healthcare_proj.not_null_stg_patients_patient_id.e578180344"
[0m08:31:51.428606 [debug] [Thread-7 (]: Writing runtime sql for node "test.healthcare_proj.accepted_values_stg_patients_gender__M__F__O.8592a557cd"
[0m08:31:51.485181 [debug] [Thread-3 (]: Writing runtime sql for node "test.healthcare_proj.unique_stg_patients_patient_id.8907d3ccf0"
[0m08:31:51.485418 [debug] [Thread-9 (]: On model.healthcare_proj.int_churn_metrics: create or replace   view HEALTHCARE_DB.STAGING_intermediate.int_churn_metrics
  
  
  
  
  as (
    with encounters as(
    select *
    from HEALTHCARE_DB.STAGING_staging.stg_encounters
),
latest_activity as (
    select
        patient_id,
        max(encounter_date) as last_encounter_date,
        max(discharge_date) as last_discharge_date,
        count(*) as total_encounters,
        count(distinct(encounter_type)) as distinct_encounter_types,
        count(distinct(provider_id)) as distinct_providers,
        max(encounter_type) as most_recent_encounter_type
    from encounters
    group by patient_id
),

--churn metrics
churn_metrics as (
    select
        patient_id,
        last_encounter_date,
        last_discharge_date,
        total_encounters,
        distinct_encounter_types,
        distinct_providers,
        most_recent_encounter_type,
        case
            when last_encounter_date < dateadd(month, -6, current_date()) then 'Churned/Inactive'
            when last_encounter_date >= dateadd(month, -6, current_date()) and last_encounter_date < dateadd(month, -3, current_date()) then 'At Risk'
            else 'Active'
        end as churn_status
        from latest_activity
)
select * from churn_metrics
  )
/* {"app": "dbt", "dbt_version": "1.11.6", "profile_name": "healthcare_proj", "target_name": "prod", "node_id": "model.healthcare_proj.int_churn_metrics"} */;
[0m08:31:51.534289 [debug] [Thread-9 (]: Opening a new connection, currently in state init
[0m08:31:51.535012 [debug] [Thread-2 (]: Using snowflake connection "test.healthcare_proj.not_null_stg_patients_patient_id.e578180344"
[0m08:31:51.535194 [debug] [Thread-2 (]: On test.healthcare_proj.not_null_stg_patients_patient_id.e578180344: select
      count(*) as failures,
      count(*) != 0 as should_warn,
      count(*) != 0 as should_error
    from (
      
    
  
    
    



select patient_id
from HEALTHCARE_DB.STAGING_staging.stg_patients
where patient_id is null



  
  
      
    ) dbt_internal_test
/* {"app": "dbt", "dbt_version": "1.11.6", "profile_name": "healthcare_proj", "target_name": "prod", "node_id": "test.healthcare_proj.not_null_stg_patients_patient_id.e578180344"} */
[0m08:31:51.535805 [debug] [Thread-3 (]: Using snowflake connection "test.healthcare_proj.unique_stg_patients_patient_id.8907d3ccf0"
[0m08:31:51.536344 [debug] [Thread-7 (]: Using snowflake connection "test.healthcare_proj.accepted_values_stg_patients_gender__M__F__O.8592a557cd"
[0m08:31:51.536498 [debug] [Thread-3 (]: On test.healthcare_proj.unique_stg_patients_patient_id.8907d3ccf0: select
      count(*) as failures,
      count(*) != 0 as should_warn,
      count(*) != 0 as should_error
    from (
      
    
  
    
    

select
    patient_id as unique_field,
    count(*) as n_records

from HEALTHCARE_DB.STAGING_staging.stg_patients
where patient_id is not null
group by patient_id
having count(*) > 1



  
  
      
    ) dbt_internal_test
/* {"app": "dbt", "dbt_version": "1.11.6", "profile_name": "healthcare_proj", "target_name": "prod", "node_id": "test.healthcare_proj.unique_stg_patients_patient_id.8907d3ccf0"} */
[0m08:31:51.537007 [debug] [Thread-6 (]: Snowflake adapter: Snowflake query id: 01c669cf-0000-a2fc-0000-11fd0001acde
[0m08:31:51.537168 [debug] [Thread-7 (]: On test.healthcare_proj.accepted_values_stg_patients_gender__M__F__O.8592a557cd: select
      count(*) as failures,
      count(*) != 0 as should_warn,
      count(*) != 0 as should_error
    from (
      
    
  
    
    

with all_values as (

    select
        gender as value_field,
        count(*) as n_records

    from HEALTHCARE_DB.STAGING_staging.stg_patients
    group by gender

)

select *
from all_values
where value_field not in (
    'M','F','O'
)



  
  
      
    ) dbt_internal_test
/* {"app": "dbt", "dbt_version": "1.11.6", "profile_name": "healthcare_proj", "target_name": "prod", "node_id": "test.healthcare_proj.accepted_values_stg_patients_gender__M__F__O.8592a557cd"} */
[0m08:31:51.537948 [debug] [Thread-6 (]: Snowflake adapter: Snowflake error: 000904 (42000): SQL compilation error: error line 21 at position 0
invalid identifier 'PROVIDER_NAME'
[0m08:31:51.589034 [debug] [Thread-7 (]: Opening a new connection, currently in state init
[0m08:31:51.589592 [debug] [Thread-5 (]: SQL status: SUCCESS 0 in 0.416 seconds
[0m08:31:51.594352 [debug] [Thread-5 (]: Using snowflake connection "snapshot.healthcare_proj.snap_patient_insurance"
[0m08:31:51.594550 [debug] [Thread-5 (]: On snapshot.healthcare_proj.snap_patient_insurance: select * from (
        select to_timestamp_ntz(convert_timezone('UTC', current_timestamp())) as dbt_snapshot_time
    ) as __dbt_sbq
    where false
    limit 0
/* {"app": "dbt", "dbt_version": "1.11.6", "profile_name": "healthcare_proj", "target_name": "prod", "node_id": "snapshot.healthcare_proj.snap_patient_insurance"} */
/* {"app": "dbt", "dbt_version": "1.11.6", "profile_name": "healthcare_proj", "target_name": "prod", "node_id": "snapshot.healthcare_proj.snap_patient_insurance"} */
[0m08:31:51.652080 [debug] [Thread-6 (]: Database Error in snapshot snap_provider (snapshots/snap_provider.sql)
  000904 (42000): SQL compilation error: error line 21 at position 0
  invalid identifier 'PROVIDER_NAME'
[0m08:31:51.652337 [debug] [Thread-6 (]: Sending event: {'category': 'dbt', 'action': 'run_model', 'label': 'f9c2c4c1-de06-49fa-9341-058608c5d2b3', 'context': [<snowplow_tracker.self_describing_json.SelfDescribingJson object at 0x10c6ada30>]}
[0m08:31:51.654068 [error] [Thread-6 (]: 5 of 13 ERROR snapshotting snapshots.snap_provider ............................. [[31mERROR[0m in 0.55s]
[0m08:31:51.654611 [debug] [Thread-6 (]: Finished running node snapshot.healthcare_proj.snap_provider
[0m08:31:51.654796 [debug] [Thread-12 ]: Marking all children of 'snapshot.healthcare_proj.snap_provider' to be skipped because of status 'error'.  Reason: Database Error in snapshot snap_provider (snapshots/snap_provider.sql)
  000904 (42000): SQL compilation error: error line 21 at position 0
  invalid identifier 'PROVIDER_NAME'.
[0m08:31:51.678205 [debug] [Thread-2 (]: SQL status: SUCCESS 1 in 0.143 seconds
[0m08:31:51.680056 [info ] [Thread-2 (]: 9 of 13 PASS not_null_stg_patients_patient_id .................................. [[32mPASS[0m in 0.29s]
[0m08:31:51.680311 [debug] [Thread-2 (]: Finished running node test.healthcare_proj.not_null_stg_patients_patient_id.e578180344
[0m08:31:51.681530 [debug] [Thread-5 (]: SQL status: SUCCESS 0 in 0.086 seconds
[0m08:31:51.681747 [debug] [Thread-5 (]: Writing runtime sql for node "snapshot.healthcare_proj.snap_patient_insurance"
[0m08:31:51.683088 [debug] [Thread-5 (]: Using snowflake connection "snapshot.healthcare_proj.snap_patient_insurance"
[0m08:31:51.683319 [debug] [Thread-5 (]: On snapshot.healthcare_proj.snap_patient_insurance: create or replace transient table HEALTHCARE_DB.snapshots.snap_patient_insurance
    
    
    
    as (
    

    select *,
        md5(coalesce(cast(patient_id as varchar ), '')
         || '|' || coalesce(cast(to_timestamp_ntz(convert_timezone('UTC', current_timestamp())) as varchar ), '')
        ) as dbt_scd_id,
        to_timestamp_ntz(convert_timezone('UTC', current_timestamp())) as dbt_updated_at,
        to_timestamp_ntz(convert_timezone('UTC', current_timestamp())) as dbt_valid_from,
        
  
  coalesce(nullif(to_timestamp_ntz(convert_timezone('UTC', current_timestamp())), to_timestamp_ntz(convert_timezone('UTC', current_timestamp()))), null)
  as dbt_valid_to
from (
        


select 
patient_id,
insurance_id,
insurance_type
from
HEALTHCARE_DB.RAW.patients
    ) sbq



    )

/* {"app": "dbt", "dbt_version": "1.11.6", "profile_name": "healthcare_proj", "target_name": "prod", "node_id": "snapshot.healthcare_proj.snap_patient_insurance"} */;
[0m08:31:51.747374 [debug] [Thread-3 (]: SQL status: SUCCESS 1 in 0.210 seconds
[0m08:31:51.748373 [info ] [Thread-3 (]: 10 of 13 PASS unique_stg_patients_patient_id ................................... [[32mPASS[0m in 0.36s]
[0m08:31:51.748677 [debug] [Thread-3 (]: Finished running node test.healthcare_proj.unique_stg_patients_patient_id.8907d3ccf0
[0m08:31:51.863464 [debug] [Thread-7 (]: SQL status: SUCCESS 1 in 0.274 seconds
[0m08:31:51.865046 [info ] [Thread-7 (]: 8 of 13 PASS accepted_values_stg_patients_gender__M__F__O ...................... [[32mPASS[0m in 0.48s]
[0m08:31:51.865571 [debug] [Thread-7 (]: Finished running node test.healthcare_proj.accepted_values_stg_patients_gender__M__F__O.8592a557cd
[0m08:31:51.866165 [debug] [Thread-4 (]: Began running node model.healthcare_proj.int_patient_encounters
[0m08:31:51.866547 [info ] [Thread-4 (]: 11 of 13 START sql view model STAGING_intermediate.int_patient_encounters ...... [RUN]
[0m08:31:51.866834 [debug] [Thread-4 (]: Re-using an available connection from the pool (formerly model.healthcare_proj.stg_patients, now model.healthcare_proj.int_patient_encounters)
[0m08:31:51.867044 [debug] [Thread-4 (]: Began compiling node model.healthcare_proj.int_patient_encounters
[0m08:31:51.869844 [debug] [Thread-4 (]: Writing injected SQL for node "model.healthcare_proj.int_patient_encounters"
[0m08:31:51.870454 [debug] [Thread-4 (]: Began executing node model.healthcare_proj.int_patient_encounters
[0m08:31:51.872093 [debug] [Thread-4 (]: Writing runtime sql for node "model.healthcare_proj.int_patient_encounters"
[0m08:31:51.873084 [debug] [Thread-4 (]: Using snowflake connection "model.healthcare_proj.int_patient_encounters"
[0m08:31:51.873320 [debug] [Thread-4 (]: On model.healthcare_proj.int_patient_encounters: create or replace   view HEALTHCARE_DB.STAGING_intermediate.int_patient_encounters
  
  
  
  
  as (
    with patients as (
    select * from HEALTHCARE_DB.STAGING_staging.stg_patients
),
encounters as (
    select * from HEALTHCARE_DB.STAGING_staging.stg_encounters
),
diagnoses as (
    select * from HEALTHCARE_DB.RAW.diagnoses
),
providers as (
    select * from HEALTHCARE_DB.RAW.providers
),
joined as (
    select
        e.encounter_id,
        e.patient_id,
        e.provider_id,
        e.facility_id,
        e.encounter_type,
        e.encounter_date,
        e.discharge_date,
        e.discharge_disposition,

        --patient data
        full_name,
        gender,
        race,
        state,
        insurance_type

        --provider info
        provider_name,
        specialty,
        npi

    from encounters e
    left join patients p on e.patient_id=p.patient_id
    left join providers prov on p.pcp_provider_id=prov.provider_id

)

select * from joined
  )
/* {"app": "dbt", "dbt_version": "1.11.6", "profile_name": "healthcare_proj", "target_name": "prod", "node_id": "model.healthcare_proj.int_patient_encounters"} */;
[0m08:31:51.910653 [debug] [Thread-9 (]: SQL status: SUCCESS 1 in 0.376 seconds
[0m08:31:51.912412 [debug] [Thread-9 (]: Sending event: {'category': 'dbt', 'action': 'run_model', 'label': 'f9c2c4c1-de06-49fa-9341-058608c5d2b3', 'context': [<snowplow_tracker.self_describing_json.SelfDescribingJson object at 0x110894200>]}
[0m08:31:51.912907 [info ] [Thread-9 (]: 7 of 13 OK created sql view model STAGING_intermediate.int_churn_metrics ....... [[32mSUCCESS 1[0m in 0.53s]
[0m08:31:51.913290 [debug] [Thread-9 (]: Finished running node model.healthcare_proj.int_churn_metrics
[0m08:31:51.913653 [debug] [Thread-2 (]: Began running node model.healthcare_proj.dim_patient
[0m08:31:51.913949 [info ] [Thread-2 (]: 12 of 13 START sql table model STAGING_marts.dim_patient ....................... [RUN]
[0m08:31:51.914219 [debug] [Thread-2 (]: Re-using an available connection from the pool (formerly test.healthcare_proj.not_null_stg_patients_patient_id.e578180344, now model.healthcare_proj.dim_patient)
[0m08:31:51.914451 [debug] [Thread-2 (]: Began compiling node model.healthcare_proj.dim_patient
[0m08:31:51.917107 [debug] [Thread-2 (]: Writing injected SQL for node "model.healthcare_proj.dim_patient"
[0m08:31:51.917768 [debug] [Thread-2 (]: Began executing node model.healthcare_proj.dim_patient
[0m08:31:51.923767 [debug] [Thread-2 (]: Writing runtime sql for node "model.healthcare_proj.dim_patient"
[0m08:31:51.924891 [debug] [Thread-8 (]: SQL status: SUCCESS 1 in 0.506 seconds
[0m08:31:51.929805 [debug] [Thread-8 (]: Using snowflake connection "model.healthcare_proj.fact_encounters"
[0m08:31:51.930024 [debug] [Thread-8 (]: On model.healthcare_proj.fact_encounters: describe table HEALTHCARE_DB.STAGING_marts.fact_encounters__dbt_tmp
/* {"app": "dbt", "dbt_version": "1.11.6", "profile_name": "healthcare_proj", "target_name": "prod", "node_id": "model.healthcare_proj.fact_encounters"} */
[0m08:31:51.931388 [debug] [Thread-2 (]: Using snowflake connection "model.healthcare_proj.dim_patient"
[0m08:31:51.931788 [debug] [Thread-2 (]: On model.healthcare_proj.dim_patient: create or replace transient table HEALTHCARE_DB.STAGING_marts.dim_patient
    
    
    
    as (with patients as (
    select * from HEALTHCARE_DB.STAGING_staging.stg_patients
),
churm_metrics as (
    select * from HEALTHCARE_DB.STAGING_intermediate.int_churn_metrics
),
pivots as (
    select
    patient_id,
    max(case when encounter_type='Inpatient' then 1 else 0 end) as is_inpatient,
    max(case when encounter_type='Outpatient' then 1 else 0 end) as is_outpatient,
    max(case when encounter_type='Emergency' then 1 else 0 end) as is_emergency
    from HEALTHCARE_DB.STAGING_staging.stg_encounters
    group by patient_id
)
select
    patients.*,
    churm_metrics.last_encounter_date,
    churm_metrics.last_discharge_date,
    churm_metrics.total_encounters,
    churm_metrics.distinct_encounter_types,
    churm_metrics.distinct_providers,
    churm_metrics.most_recent_encounter_type
    ,churm_metrics.churn_status
    from patients
    left join churm_metrics on patients.patient_id=churm_metrics.patient_id
    left join pivots on patients.patient_id=pivots.patient_id
    )

/* {"app": "dbt", "dbt_version": "1.11.6", "profile_name": "healthcare_proj", "target_name": "prod", "node_id": "model.healthcare_proj.dim_patient"} */;
[0m08:31:51.974666 [debug] [Thread-8 (]: SQL status: SUCCESS 13 in 0.044 seconds
[0m08:31:51.978879 [debug] [Thread-8 (]: Using snowflake connection "model.healthcare_proj.fact_encounters"
[0m08:31:51.979170 [debug] [Thread-8 (]: On model.healthcare_proj.fact_encounters: describe table HEALTHCARE_DB.STAGING_marts.fact_encounters
/* {"app": "dbt", "dbt_version": "1.11.6", "profile_name": "healthcare_proj", "target_name": "prod", "node_id": "model.healthcare_proj.fact_encounters"} */
[0m08:31:52.015542 [debug] [Thread-8 (]: SQL status: SUCCESS 13 in 0.036 seconds
[0m08:31:52.022723 [debug] [Thread-8 (]: Using snowflake connection "model.healthcare_proj.fact_encounters"
[0m08:31:52.023400 [debug] [Thread-5 (]: SQL status: SUCCESS 8 in 0.340 seconds
[0m08:31:52.023694 [debug] [Thread-8 (]: On model.healthcare_proj.fact_encounters: describe table "HEALTHCARE_DB"."STAGING_MARTS"."FACT_ENCOUNTERS"
/* {"app": "dbt", "dbt_version": "1.11.6", "profile_name": "healthcare_proj", "target_name": "prod", "node_id": "model.healthcare_proj.fact_encounters"} */
[0m08:31:52.027299 [debug] [Thread-5 (]: Sending event: {'category': 'dbt', 'action': 'run_model', 'label': 'f9c2c4c1-de06-49fa-9341-058608c5d2b3', 'context': [<snowplow_tracker.self_describing_json.SelfDescribingJson object at 0x10b8cc050>]}
[0m08:31:52.028046 [info ] [Thread-5 (]: 4 of 13 OK snapshotted snapshots.snap_patient_insurance ........................ [[32mSUCCESS 8[0m in 0.92s]
[0m08:31:52.028584 [debug] [Thread-5 (]: Finished running node snapshot.healthcare_proj.snap_patient_insurance
[0m08:31:52.043693 [debug] [Thread-4 (]: SQL status: SUCCESS 1 in 0.170 seconds
[0m08:31:52.045110 [debug] [Thread-4 (]: Sending event: {'category': 'dbt', 'action': 'run_model', 'label': 'f9c2c4c1-de06-49fa-9341-058608c5d2b3', 'context': [<snowplow_tracker.self_describing_json.SelfDescribingJson object at 0x10b8ce3c0>]}
[0m08:31:52.045539 [info ] [Thread-4 (]: 11 of 13 OK created sql view model STAGING_intermediate.int_patient_encounters . [[32mSUCCESS 1[0m in 0.18s]
[0m08:31:52.045888 [debug] [Thread-4 (]: Finished running node model.healthcare_proj.int_patient_encounters
[0m08:31:52.046261 [debug] [Thread-7 (]: Began running node model.healthcare_proj.int_patient_cohorts
[0m08:31:52.046577 [info ] [Thread-7 (]: 13 of 13 START sql view model STAGING_intermediate.int_patient_cohorts ......... [RUN]
[0m08:31:52.046827 [debug] [Thread-7 (]: Re-using an available connection from the pool (formerly test.healthcare_proj.accepted_values_stg_patients_gender__M__F__O.8592a557cd, now model.healthcare_proj.int_patient_cohorts)
[0m08:31:52.047030 [debug] [Thread-7 (]: Began compiling node model.healthcare_proj.int_patient_cohorts
[0m08:31:52.049111 [debug] [Thread-7 (]: Writing injected SQL for node "model.healthcare_proj.int_patient_cohorts"
[0m08:31:52.049691 [debug] [Thread-7 (]: Began executing node model.healthcare_proj.int_patient_cohorts
[0m08:31:52.051269 [debug] [Thread-7 (]: Writing runtime sql for node "model.healthcare_proj.int_patient_cohorts"
[0m08:31:52.052518 [debug] [Thread-7 (]: Using snowflake connection "model.healthcare_proj.int_patient_cohorts"
[0m08:31:52.052769 [debug] [Thread-7 (]: On model.healthcare_proj.int_patient_cohorts: create or replace   view HEALTHCARE_DB.STAGING_intermediate.int_patient_cohorts
  
  
  
  
  as (
    with encounters as (
    select *
    from HEALTHCARE_DB.STAGING_intermediate.int_patient_encounters
),

--first encounter for each patient
first_encounters as (
    select
        patient_id,
        encounter_id,
        encounter_date,
        encounter_type,
        provider_id,
        provider_name,
        specialty
        from encounters
        qualify row_number() over(partition by patient_id order by encounter_date asc)=1
),
--Month activity windows
month_activity as (
    select
    patient_id,
    date_trunc('month', encounter_date) as month_start,
    max(encounter_date) as month_end,
    count(*) as encounter_count,
    count(distinct provider_id) as distinct_provider_count,
    max(encounter_type) as most_recent_encounter_type
    from encounters
    group by patient_id, date_trunc('month', encounter_date)
),

--Cohort summary
cohort_summary as (
    select
        patient_id,
        min(encounter_date) as first_encounter_date,
        max(encounter_date) as last_encounter_date,
        count(*) as total_encounters,
        count(distinct provider_id) as total_distinct_providers,
        max(encounter_type) as most_common_encounter_type
    from encounters
    group by patient_id
)
 select * from cohort_summary
  )
/* {"app": "dbt", "dbt_version": "1.11.6", "profile_name": "healthcare_proj", "target_name": "prod", "node_id": "model.healthcare_proj.int_patient_cohorts"} */;
[0m08:31:52.064276 [debug] [Thread-8 (]: SQL status: SUCCESS 13 in 0.037 seconds
[0m08:31:52.084542 [debug] [Thread-8 (]: Writing runtime sql for node "model.healthcare_proj.fact_encounters"
[0m08:31:52.085665 [debug] [Thread-8 (]: Using snowflake connection "model.healthcare_proj.fact_encounters"
[0m08:31:52.085859 [debug] [Thread-8 (]: On model.healthcare_proj.fact_encounters: -- back compat for old kwarg name
  
  begin
/* {"app": "dbt", "dbt_version": "1.11.6", "profile_name": "healthcare_proj", "target_name": "prod", "node_id": "model.healthcare_proj.fact_encounters"} */;
[0m08:31:52.132644 [debug] [Thread-8 (]: SQL status: SUCCESS 1 in 0.047 seconds
[0m08:31:52.132986 [debug] [Thread-8 (]: Using snowflake connection "model.healthcare_proj.fact_encounters"
[0m08:31:52.133241 [debug] [Thread-8 (]: On model.healthcare_proj.fact_encounters: merge into HEALTHCARE_DB.STAGING_marts.fact_encounters as DBT_INTERNAL_DEST
        using HEALTHCARE_DB.STAGING_marts.fact_encounters__dbt_tmp as DBT_INTERNAL_SOURCE
        on ((DBT_INTERNAL_SOURCE.encounter_id = DBT_INTERNAL_DEST.encounter_id))

    
    when matched then update set
        "ENCOUNTER_ID" = DBT_INTERNAL_SOURCE."ENCOUNTER_ID","PATIENT_ID" = DBT_INTERNAL_SOURCE."PATIENT_ID","PROVIDER_ID" = DBT_INTERNAL_SOURCE."PROVIDER_ID","FACILITY_ID" = DBT_INTERNAL_SOURCE."FACILITY_ID","ENCOUNTER_TYPE" = DBT_INTERNAL_SOURCE."ENCOUNTER_TYPE","ENCOUNTER_DATE" = DBT_INTERNAL_SOURCE."ENCOUNTER_DATE","DISCHARGE_DATE" = DBT_INTERNAL_SOURCE."DISCHARGE_DATE","VALID_STAY" = DBT_INTERNAL_SOURCE."VALID_STAY","DISCHARGE_DISPOSITION" = DBT_INTERNAL_SOURCE."DISCHARGE_DISPOSITION","DIAGNOSIS_COUNT" = DBT_INTERNAL_SOURCE."DIAGNOSIS_COUNT","HAS_CARDIOVASCULAR_DX" = DBT_INTERNAL_SOURCE."HAS_CARDIOVASCULAR_DX","HAS_RESPIRATORY_DX" = DBT_INTERNAL_SOURCE."HAS_RESPIRATORY_DX","DISTINCT_MEDICATION_COUNT" = DBT_INTERNAL_SOURCE."DISTINCT_MEDICATION_COUNT"
    

    when not matched then insert
        ("ENCOUNTER_ID", "PATIENT_ID", "PROVIDER_ID", "FACILITY_ID", "ENCOUNTER_TYPE", "ENCOUNTER_DATE", "DISCHARGE_DATE", "VALID_STAY", "DISCHARGE_DISPOSITION", "DIAGNOSIS_COUNT", "HAS_CARDIOVASCULAR_DX", "HAS_RESPIRATORY_DX", "DISTINCT_MEDICATION_COUNT")
    values
        ("ENCOUNTER_ID", "PATIENT_ID", "PROVIDER_ID", "FACILITY_ID", "ENCOUNTER_TYPE", "ENCOUNTER_DATE", "DISCHARGE_DATE", "VALID_STAY", "DISCHARGE_DISPOSITION", "DIAGNOSIS_COUNT", "HAS_CARDIOVASCULAR_DX", "HAS_RESPIRATORY_DX", "DISTINCT_MEDICATION_COUNT")


/* {"app": "dbt", "dbt_version": "1.11.6", "profile_name": "healthcare_proj", "target_name": "prod", "node_id": "model.healthcare_proj.fact_encounters"} */;
[0m08:31:52.294933 [debug] [Thread-7 (]: SQL status: SUCCESS 1 in 0.242 seconds
[0m08:31:52.297779 [debug] [Thread-7 (]: Sending event: {'category': 'dbt', 'action': 'run_model', 'label': 'f9c2c4c1-de06-49fa-9341-058608c5d2b3', 'context': [<snowplow_tracker.self_describing_json.SelfDescribingJson object at 0x10c6ac4a0>]}
[0m08:31:52.298453 [info ] [Thread-7 (]: 13 of 13 OK created sql view model STAGING_intermediate.int_patient_cohorts .... [[32mSUCCESS 1[0m in 0.25s]
[0m08:31:52.299444 [debug] [Thread-7 (]: Finished running node model.healthcare_proj.int_patient_cohorts
[0m08:31:52.478692 [debug] [Thread-8 (]: SQL status: SUCCESS 0 in 0.345 seconds
[0m08:31:52.479465 [debug] [Thread-8 (]: Using snowflake connection "model.healthcare_proj.fact_encounters"
[0m08:31:52.479824 [debug] [Thread-8 (]: On model.healthcare_proj.fact_encounters: COMMIT
/* {"app": "dbt", "dbt_version": "1.11.6", "profile_name": "healthcare_proj", "target_name": "prod", "node_id": "model.healthcare_proj.fact_encounters"} */
[0m08:31:52.538810 [debug] [Thread-8 (]: SQL status: SUCCESS 1 in 0.059 seconds
[0m08:31:52.548392 [debug] [Thread-8 (]: Applying DROP to: HEALTHCARE_DB.STAGING_marts.fact_encounters__dbt_tmp
[0m08:31:52.554570 [debug] [Thread-8 (]: Using snowflake connection "model.healthcare_proj.fact_encounters"
[0m08:31:52.554936 [debug] [Thread-8 (]: On model.healthcare_proj.fact_encounters: drop view if exists HEALTHCARE_DB.STAGING_marts.fact_encounters__dbt_tmp cascade
/* {"app": "dbt", "dbt_version": "1.11.6", "profile_name": "healthcare_proj", "target_name": "prod", "node_id": "model.healthcare_proj.fact_encounters"} */
[0m08:31:52.565496 [debug] [Thread-2 (]: SQL status: SUCCESS 8 in 0.633 seconds
[0m08:31:52.567109 [debug] [Thread-2 (]: Sending event: {'category': 'dbt', 'action': 'run_model', 'label': 'f9c2c4c1-de06-49fa-9341-058608c5d2b3', 'context': [<snowplow_tracker.self_describing_json.SelfDescribingJson object at 0x10c5f32f0>]}
[0m08:31:52.567556 [info ] [Thread-2 (]: 12 of 13 OK created sql table model STAGING_marts.dim_patient .................. [[32mSUCCESS 8[0m in 0.65s]
[0m08:31:52.567942 [debug] [Thread-2 (]: Finished running node model.healthcare_proj.dim_patient
[0m08:31:52.617822 [debug] [Thread-8 (]: SQL status: SUCCESS 1 in 0.062 seconds
[0m08:31:52.620199 [debug] [Thread-8 (]: Sending event: {'category': 'dbt', 'action': 'run_model', 'label': 'f9c2c4c1-de06-49fa-9341-058608c5d2b3', 'context': [<snowplow_tracker.self_describing_json.SelfDescribingJson object at 0x10c6af440>]}
[0m08:31:52.620852 [info ] [Thread-8 (]: 6 of 13 OK created sql incremental model STAGING_marts.fact_encounters ......... [[32mSUCCESS 0[0m in 1.24s]
[0m08:31:52.621407 [debug] [Thread-8 (]: Finished running node model.healthcare_proj.fact_encounters
[0m08:31:52.622690 [debug] [MainThread]: Connection 'master' was properly closed.
[0m08:31:52.622983 [debug] [MainThread]: Connection 'model.healthcare_proj.dim_patient' was left open.
[0m08:31:52.623216 [debug] [MainThread]: On model.healthcare_proj.dim_patient: Close
[0m08:31:52.669912 [debug] [MainThread]: Connection 'test.healthcare_proj.unique_stg_patients_patient_id.8907d3ccf0' was left open.
[0m08:31:52.670351 [debug] [MainThread]: On test.healthcare_proj.unique_stg_patients_patient_id.8907d3ccf0: Close
[0m08:31:52.710739 [debug] [MainThread]: Connection 'model.healthcare_proj.int_patient_encounters' was left open.
[0m08:31:52.711168 [debug] [MainThread]: On model.healthcare_proj.int_patient_encounters: Close
[0m08:31:52.754017 [debug] [MainThread]: Connection 'snapshot.healthcare_proj.snap_patient_insurance' was left open.
[0m08:31:52.754580 [debug] [MainThread]: On snapshot.healthcare_proj.snap_patient_insurance: Close
[0m08:31:52.797684 [debug] [MainThread]: Connection 'snapshot.healthcare_proj.snap_provider' was left open.
[0m08:31:52.798238 [debug] [MainThread]: On snapshot.healthcare_proj.snap_provider: Close
[0m08:31:52.843013 [debug] [MainThread]: Connection 'model.healthcare_proj.fact_encounters' was left open.
[0m08:31:52.843573 [debug] [MainThread]: On model.healthcare_proj.fact_encounters: Close
[0m08:31:52.889380 [debug] [MainThread]: Connection 'model.healthcare_proj.int_churn_metrics' was left open.
[0m08:31:52.889868 [debug] [MainThread]: On model.healthcare_proj.int_churn_metrics: Close
[0m08:31:52.935301 [debug] [MainThread]: Connection 'model.healthcare_proj.int_patient_cohorts' was left open.
[0m08:31:52.935788 [debug] [MainThread]: On model.healthcare_proj.int_patient_cohorts: Close
[0m08:31:52.979166 [info ] [MainThread]: 
[0m08:31:52.979745 [info ] [MainThread]: Finished running 1 incremental model, 2 snapshots, 1 table model, 3 data tests, 6 view models in 0 hours 0 minutes and 2.71 seconds (2.71s).
[0m08:31:52.981785 [debug] [MainThread]: Command end result
[0m08:31:53.005225 [debug] [MainThread]: Wrote artifact WritableManifest to /Users/rajarshiraychaudhuri/Documents/RajRayc_Git/healthcare_proj/target/manifest.json
[0m08:31:53.006640 [debug] [MainThread]: Wrote artifact SemanticManifest to /Users/rajarshiraychaudhuri/Documents/RajRayc_Git/healthcare_proj/target/semantic_manifest.json
[0m08:31:53.010760 [debug] [MainThread]: Wrote artifact RunExecutionResult to /Users/rajarshiraychaudhuri/Documents/RajRayc_Git/healthcare_proj/target/run_results.json
[0m08:31:53.010997 [info ] [MainThread]: 
[0m08:31:53.011201 [info ] [MainThread]: [31mCompleted with 1 error, 0 partial successes, and 0 warnings:[0m
[0m08:31:53.011365 [info ] [MainThread]: 
[0m08:31:53.011559 [error] [MainThread]: [31mFailure in snapshot snap_provider (snapshots/snap_provider.sql)[0m
[0m08:31:53.011748 [error] [MainThread]:   Database Error in snapshot snap_provider (snapshots/snap_provider.sql)
  000904 (42000): SQL compilation error: error line 21 at position 0
  invalid identifier 'PROVIDER_NAME'
[0m08:31:53.011898 [info ] [MainThread]: 
[0m08:31:53.012057 [info ] [MainThread]: Done. PASS=12 WARN=0 ERROR=1 SKIP=0 NO-OP=0 TOTAL=13
[0m08:31:53.014185 [debug] [MainThread]: Resource report: {"command_name": "build", "command_success": false, "command_wall_clock_time": 3.9139636, "process_in_blocks": "0", "process_kernel_time": 0.276566, "process_mem_max_rss": "195330048", "process_out_blocks": "0", "process_user_time": 2.985601}
[0m08:31:53.014429 [debug] [MainThread]: Command `dbt build` failed at 08:31:53.014383 after 3.91 seconds
[0m08:31:53.014633 [debug] [MainThread]: Sending event: {'category': 'dbt', 'action': 'invocation', 'label': 'end', 'context': [<snowplow_tracker.self_describing_json.SelfDescribingJson object at 0x106e75d90>, <snowplow_tracker.self_describing_json.SelfDescribingJson object at 0x10b270110>, <snowplow_tracker.self_describing_json.SelfDescribingJson object at 0x108349100>]}
[0m08:31:53.014819 [debug] [MainThread]: Flushing usage events
[0m08:31:54.047163 [debug] [MainThread]: An error was encountered while trying to flush usage events
[0m08:34:09.563823 [debug] [MainThread]: Sending event: {'category': 'dbt', 'action': 'invocation', 'label': 'start', 'context': [<snowplow_tracker.self_describing_json.SelfDescribingJson object at 0x108f8ad80>, <snowplow_tracker.self_describing_json.SelfDescribingJson object at 0x1092bcfe0>, <snowplow_tracker.self_describing_json.SelfDescribingJson object at 0x1092bcd40>]}


============================== 08:34:09.566642 | 49654266-ec1e-40ed-9513-e287c3432cab ==============================
[0m08:34:09.566642 [info ] [MainThread]: Running with dbt=1.11.6
[0m08:34:09.566957 [debug] [MainThread]: running dbt with arguments {'debug': 'False', 'warn_error': 'None', 'use_experimental_parser': 'False', 'introspect': 'True', 'printer_width': '80', 'partial_parse': 'True', 'quiet': 'False', 'static_parser': 'True', 'warn_error_options': 'WarnErrorOptionsV2(error=[], warn=[], silence=[])', 'profiles_dir': '/Users/rajarshiraychaudhuri/Documents/RajRayc_Git/healthcare_proj', 'no_print': 'None', 'log_format': 'default', 'target_path': 'None', 'empty': 'False', 'indirect_selection': 'eager', 'write_json': 'True', 'send_anonymous_usage_stats': 'True', 'version_check': 'True', 'log_path': '/Users/rajarshiraychaudhuri/Documents/RajRayc_Git/healthcare_proj/logs', 'log_cache_events': 'False', 'use_colors': 'True', 'invocation_command': 'dbt build --target prod --profiles-dir /Users/rajarshiraychaudhuri/Documents/RajRayc_Git/healthcare_proj', 'fail_fast': 'False', 'cache_selected_only': 'False'}
[0m08:34:09.747867 [debug] [MainThread]: Snowflake adapter: Setting snowflake.connector to ERROR (file logging only)
[0m08:34:09.748125 [debug] [MainThread]: Snowflake adapter: Setting botocore to ERROR (file logging only)
[0m08:34:09.748252 [debug] [MainThread]: Snowflake adapter: Setting boto3 to ERROR (file logging only)
[0m08:34:09.864565 [debug] [MainThread]: Sending event: {'category': 'dbt', 'action': 'project_id', 'label': '49654266-ec1e-40ed-9513-e287c3432cab', 'context': [<snowplow_tracker.self_describing_json.SelfDescribingJson object at 0x10acaba40>]}
[0m08:34:09.895442 [debug] [MainThread]: Sending event: {'category': 'dbt', 'action': 'adapter_info', 'label': '49654266-ec1e-40ed-9513-e287c3432cab', 'context': [<snowplow_tracker.self_describing_json.SelfDescribingJson object at 0x10ab216a0>]}
[0m08:34:09.896242 [info ] [MainThread]: Registered adapter: snowflake=1.11.6
[0m08:34:09.961221 [debug] [MainThread]: checksum: fda039cb47cdf0e627679f660a87812f9dc734dcd251ec88b5466764946323e4, vars: {}, profile: , target: prod, version: 1.11.6
[0m08:34:10.028074 [debug] [MainThread]: Partial parsing enabled: 0 files deleted, 0 files added, 1 files changed.
[0m08:34:10.028405 [debug] [MainThread]: Partial parsing: updated file: healthcare_proj://snapshots/snap_provider.sql
[0m08:34:10.162711 [debug] [MainThread]: Sending event: {'category': 'dbt', 'action': 'load_project', 'label': '49654266-ec1e-40ed-9513-e287c3432cab', 'context': [<snowplow_tracker.self_describing_json.SelfDescribingJson object at 0x10b74bf20>]}
[0m08:34:10.202846 [debug] [MainThread]: Wrote artifact WritableManifest to /Users/rajarshiraychaudhuri/Documents/RajRayc_Git/healthcare_proj/target/manifest.json
[0m08:34:10.204239 [debug] [MainThread]: Wrote artifact SemanticManifest to /Users/rajarshiraychaudhuri/Documents/RajRayc_Git/healthcare_proj/target/semantic_manifest.json
[0m08:34:10.222341 [debug] [MainThread]: Sending event: {'category': 'dbt', 'action': 'resource_counts', 'label': '49654266-ec1e-40ed-9513-e287c3432cab', 'context': [<snowplow_tracker.self_describing_json.SelfDescribingJson object at 0x10b43af30>]}
[0m08:34:10.222596 [info ] [MainThread]: Found 8 models, 2 snapshots, 3 data tests, 6 sources, 542 macros
[0m08:34:10.223788 [info ] [MainThread]: 
[0m08:34:10.223956 [info ] [MainThread]: Concurrency: 8 threads (target='prod')
[0m08:34:10.224069 [info ] [MainThread]: 
[0m08:34:10.224275 [debug] [MainThread]: Acquiring new snowflake connection 'master'
[0m08:34:10.226552 [debug] [ThreadPool]: Acquiring new snowflake connection 'list_HEALTHCARE_DB'
[0m08:34:10.231816 [debug] [ThreadPool]: Acquiring new snowflake connection 'list_HEALTHCARE_DB'
[0m08:34:10.232766 [debug] [ThreadPool]: Acquiring new snowflake connection 'list_HEALTHCARE_DB'
[0m08:34:10.232955 [debug] [ThreadPool]: Acquiring new snowflake connection 'list_HEALTHCARE_DB'
[0m08:34:10.259893 [debug] [ThreadPool]: Using snowflake connection "list_HEALTHCARE_DB"
[0m08:34:10.260184 [debug] [ThreadPool]: Using snowflake connection "list_HEALTHCARE_DB"
[0m08:34:10.260398 [debug] [ThreadPool]: Using snowflake connection "list_HEALTHCARE_DB"
[0m08:34:10.260553 [debug] [ThreadPool]: On list_HEALTHCARE_DB: show terse schemas in database HEALTHCARE_DB
    limit 10000
/* {"app": "dbt", "dbt_version": "1.11.6", "profile_name": "healthcare_proj", "target_name": "prod", "connection_name": "list_HEALTHCARE_DB"} */
[0m08:34:10.260727 [debug] [ThreadPool]: Using snowflake connection "list_HEALTHCARE_DB"
[0m08:34:10.260876 [debug] [ThreadPool]: On list_HEALTHCARE_DB: show terse schemas in database HEALTHCARE_DB
    limit 10000
/* {"app": "dbt", "dbt_version": "1.11.6", "profile_name": "healthcare_proj", "target_name": "prod", "connection_name": "list_HEALTHCARE_DB"} */
[0m08:34:10.261008 [debug] [ThreadPool]: On list_HEALTHCARE_DB: show terse schemas in database HEALTHCARE_DB
    limit 10000
/* {"app": "dbt", "dbt_version": "1.11.6", "profile_name": "healthcare_proj", "target_name": "prod", "connection_name": "list_HEALTHCARE_DB"} */
[0m08:34:10.261157 [debug] [ThreadPool]: Opening a new connection, currently in state init
[0m08:34:10.261289 [debug] [ThreadPool]: On list_HEALTHCARE_DB: show terse schemas in database HEALTHCARE_DB
    limit 10000
/* {"app": "dbt", "dbt_version": "1.11.6", "profile_name": "healthcare_proj", "target_name": "prod", "connection_name": "list_HEALTHCARE_DB"} */
[0m08:34:10.261410 [debug] [ThreadPool]: Opening a new connection, currently in state init
[0m08:34:10.261518 [debug] [ThreadPool]: Opening a new connection, currently in state init
[0m08:34:10.261657 [debug] [ThreadPool]: Opening a new connection, currently in state init
[0m08:34:11.084025 [debug] [ThreadPool]: SQL status: SUCCESS 10 in 0.823 seconds
[0m08:34:11.084961 [debug] [ThreadPool]: SQL status: SUCCESS 10 in 0.824 seconds
[0m08:34:11.086683 [debug] [ThreadPool]: SQL status: SUCCESS 10 in 0.825 seconds
[0m08:34:11.087167 [debug] [ThreadPool]: SQL status: SUCCESS 10 in 0.826 seconds
[0m08:34:11.090842 [debug] [ThreadPool]: Re-using an available connection from the pool (formerly list_HEALTHCARE_DB, now list_HEALTHCARE_DB_STAGING_marts)
[0m08:34:11.091145 [debug] [ThreadPool]: Re-using an available connection from the pool (formerly list_HEALTHCARE_DB, now list_HEALTHCARE_DB_snapshots)
[0m08:34:11.098142 [debug] [ThreadPool]: Re-using an available connection from the pool (formerly list_HEALTHCARE_DB, now list_HEALTHCARE_DB_STAGING_staging)
[0m08:34:11.099783 [debug] [ThreadPool]: Using snowflake connection "list_HEALTHCARE_DB_STAGING_marts"
[0m08:34:11.101428 [debug] [ThreadPool]: Using snowflake connection "list_HEALTHCARE_DB_snapshots"
[0m08:34:11.101680 [debug] [ThreadPool]: Re-using an available connection from the pool (formerly list_HEALTHCARE_DB, now list_HEALTHCARE_DB_STAGING_intermediate)
[0m08:34:11.102954 [debug] [ThreadPool]: Using snowflake connection "list_HEALTHCARE_DB_STAGING_staging"
[0m08:34:11.103163 [debug] [ThreadPool]: On list_HEALTHCARE_DB_STAGING_marts: show objects in HEALTHCARE_DB.STAGING_marts
    limit 10000
    

/* {"app": "dbt", "dbt_version": "1.11.6", "profile_name": "healthcare_proj", "target_name": "prod", "connection_name": "list_HEALTHCARE_DB_STAGING_marts"} */;
[0m08:34:11.103329 [debug] [ThreadPool]: On list_HEALTHCARE_DB_snapshots: show objects in HEALTHCARE_DB.snapshots
    limit 10000
    

/* {"app": "dbt", "dbt_version": "1.11.6", "profile_name": "healthcare_proj", "target_name": "prod", "connection_name": "list_HEALTHCARE_DB_snapshots"} */;
[0m08:34:11.104415 [debug] [ThreadPool]: Using snowflake connection "list_HEALTHCARE_DB_STAGING_intermediate"
[0m08:34:11.104574 [debug] [ThreadPool]: On list_HEALTHCARE_DB_STAGING_staging: show objects in HEALTHCARE_DB.STAGING_staging
    limit 10000
    

/* {"app": "dbt", "dbt_version": "1.11.6", "profile_name": "healthcare_proj", "target_name": "prod", "connection_name": "list_HEALTHCARE_DB_STAGING_staging"} */;
[0m08:34:11.105519 [debug] [ThreadPool]: On list_HEALTHCARE_DB_STAGING_intermediate: show objects in HEALTHCARE_DB.STAGING_intermediate
    limit 10000
    

/* {"app": "dbt", "dbt_version": "1.11.6", "profile_name": "healthcare_proj", "target_name": "prod", "connection_name": "list_HEALTHCARE_DB_STAGING_intermediate"} */;
[0m08:34:11.163926 [debug] [ThreadPool]: SQL status: SUCCESS 3 in 0.058 seconds
[0m08:34:11.166217 [debug] [ThreadPool]: SQL status: SUCCESS 1 in 0.061 seconds
[0m08:34:11.166756 [debug] [ThreadPool]: SQL status: SUCCESS 2 in 0.062 seconds
[0m08:34:11.167186 [debug] [ThreadPool]: SQL status: SUCCESS 3 in 0.061 seconds
[0m08:34:11.170670 [debug] [MainThread]: Sending event: {'category': 'dbt', 'action': 'runnable_timing', 'label': '49654266-ec1e-40ed-9513-e287c3432cab', 'context': [<snowplow_tracker.self_describing_json.SelfDescribingJson object at 0x10be35280>]}
[0m08:34:11.173405 [debug] [Thread-2 (]: Began running node model.healthcare_proj.stg_claims
[0m08:34:11.173640 [debug] [Thread-3 (]: Began running node model.healthcare_proj.stg_encounters
[0m08:34:11.174144 [debug] [Thread-4 (]: Began running node model.healthcare_proj.stg_patients
[0m08:34:11.173954 [info ] [Thread-2 (]: 1 of 13 START sql view model STAGING_staging.stg_claims ........................ [RUN]
[0m08:34:11.174868 [debug] [Thread-5 (]: Began running node snapshot.healthcare_proj.snap_patient_insurance
[0m08:34:11.174420 [info ] [Thread-3 (]: 2 of 13 START sql view model STAGING_staging.stg_encounters .................... [RUN]
[0m08:34:11.175357 [debug] [Thread-2 (]: Re-using an available connection from the pool (formerly list_HEALTHCARE_DB_STAGING_marts, now model.healthcare_proj.stg_claims)
[0m08:34:11.175548 [debug] [Thread-6 (]: Began running node snapshot.healthcare_proj.snap_provider
[0m08:34:11.175115 [info ] [Thread-4 (]: 3 of 13 START sql view model STAGING_staging.stg_patients ...................... [RUN]
[0m08:34:11.176050 [info ] [Thread-5 (]: 4 of 13 START snapshot snapshots.snap_patient_insurance ........................ [RUN]
[0m08:34:11.176335 [debug] [Thread-3 (]: Re-using an available connection from the pool (formerly list_HEALTHCARE_DB_snapshots, now model.healthcare_proj.stg_encounters)
[0m08:34:11.176538 [debug] [Thread-2 (]: Began compiling node model.healthcare_proj.stg_claims
[0m08:34:11.176788 [info ] [Thread-6 (]: 5 of 13 START snapshot snapshots.snap_provider ................................. [RUN]
[0m08:34:11.176999 [debug] [Thread-4 (]: Re-using an available connection from the pool (formerly list_HEALTHCARE_DB_STAGING_staging, now model.healthcare_proj.stg_patients)
[0m08:34:11.177185 [debug] [Thread-5 (]: Re-using an available connection from the pool (formerly list_HEALTHCARE_DB_STAGING_intermediate, now snapshot.healthcare_proj.snap_patient_insurance)
[0m08:34:11.177370 [debug] [Thread-3 (]: Began compiling node model.healthcare_proj.stg_encounters
[0m08:34:11.183022 [debug] [Thread-2 (]: Writing injected SQL for node "model.healthcare_proj.stg_claims"
[0m08:34:11.183356 [debug] [Thread-6 (]: Acquiring new snowflake connection 'snapshot.healthcare_proj.snap_provider'
[0m08:34:11.183551 [debug] [Thread-4 (]: Began compiling node model.healthcare_proj.stg_patients
[0m08:34:11.183729 [debug] [Thread-5 (]: Began compiling node snapshot.healthcare_proj.snap_patient_insurance
[0m08:34:11.185613 [debug] [Thread-3 (]: Writing injected SQL for node "model.healthcare_proj.stg_encounters"
[0m08:34:11.185974 [debug] [Thread-6 (]: Began compiling node snapshot.healthcare_proj.snap_provider
[0m08:34:11.187672 [debug] [Thread-4 (]: Writing injected SQL for node "model.healthcare_proj.stg_patients"
[0m08:34:11.189542 [debug] [Thread-5 (]: Began executing node snapshot.healthcare_proj.snap_patient_insurance
[0m08:34:11.191300 [debug] [Thread-6 (]: Began executing node snapshot.healthcare_proj.snap_provider
[0m08:34:11.191517 [debug] [Thread-2 (]: Began executing node model.healthcare_proj.stg_claims
[0m08:34:11.198072 [debug] [Thread-3 (]: Began executing node model.healthcare_proj.stg_encounters
[0m08:34:11.231262 [debug] [Thread-5 (]: Using snowflake connection "snapshot.healthcare_proj.snap_patient_insurance"
[0m08:34:11.297872 [debug] [Thread-6 (]: Using snowflake connection "snapshot.healthcare_proj.snap_provider"
[0m08:34:11.302462 [debug] [Thread-2 (]: Writing runtime sql for node "model.healthcare_proj.stg_claims"
[0m08:34:11.302674 [debug] [Thread-4 (]: Began executing node model.healthcare_proj.stg_patients
[0m08:34:11.303939 [debug] [Thread-3 (]: Writing runtime sql for node "model.healthcare_proj.stg_encounters"
[0m08:34:11.304143 [debug] [Thread-5 (]: On snapshot.healthcare_proj.snap_patient_insurance: select * from (
        select insurance_id from (
                


select 
patient_id,
insurance_id,
insurance_type
from
HEALTHCARE_DB.RAW.patients
            ) subq
    ) as __dbt_sbq
    where false
    limit 0
/* {"app": "dbt", "dbt_version": "1.11.6", "profile_name": "healthcare_proj", "target_name": "prod", "node_id": "snapshot.healthcare_proj.snap_patient_insurance"} */
[0m08:34:11.304317 [debug] [Thread-6 (]: On snapshot.healthcare_proj.snap_provider: select * from (
        
    

    select *,
        md5(coalesce(cast(provider_id as varchar ), '')
         || '|' || coalesce(cast(updated_at as varchar ), '')
        ) as dbt_scd_id,
        updated_at as dbt_updated_at,
        updated_at as dbt_valid_from,
        
  
  coalesce(nullif(updated_at, updated_at), null)
  as dbt_valid_to
from (
        


select
PROVIDER_ID,
PROVIDER_NAME,
PROVIDER_SPECIALTY
from
HEALTHCARE_DB.RAW.providers
    ) sbq



    ) as __dbt_sbq
    where false
    limit 0
/* {"app": "dbt", "dbt_version": "1.11.6", "profile_name": "healthcare_proj", "target_name": "prod", "node_id": "snapshot.healthcare_proj.snap_provider"} */
/* {"app": "dbt", "dbt_version": "1.11.6", "profile_name": "healthcare_proj", "target_name": "prod", "node_id": "snapshot.healthcare_proj.snap_provider"} */
[0m08:34:11.305360 [debug] [Thread-4 (]: Writing runtime sql for node "model.healthcare_proj.stg_patients"
[0m08:34:11.306070 [debug] [Thread-6 (]: Opening a new connection, currently in state init
[0m08:34:11.306624 [debug] [Thread-3 (]: Using snowflake connection "model.healthcare_proj.stg_encounters"
[0m08:34:11.307119 [debug] [Thread-2 (]: Using snowflake connection "model.healthcare_proj.stg_claims"
[0m08:34:11.307333 [debug] [Thread-3 (]: On model.healthcare_proj.stg_encounters: create or replace   view HEALTHCARE_DB.STAGING_staging.stg_encounters
  
  
  
  
  as (
    with source as (
    select * from HEALTHCARE_DB.RAW.encounters
),
cleaned as (
    select 
        --ids
        encounter_id,
        patient_id,
        provider_id,
        facility_id,
        initcap(trim(encounter_type)) as encounter_type,
        --date validations
        encounter_date,
        discharge_date,
        case when discharge_date is not null and discharge_date> encounter_date then true else false end as valid_stay,
        discharge_disposition
    from source
)
select * from cleaned
  )
/* {"app": "dbt", "dbt_version": "1.11.6", "profile_name": "healthcare_proj", "target_name": "prod", "node_id": "model.healthcare_proj.stg_encounters"} */;
[0m08:34:11.307934 [debug] [Thread-4 (]: Using snowflake connection "model.healthcare_proj.stg_patients"
[0m08:34:11.308173 [debug] [Thread-2 (]: On model.healthcare_proj.stg_claims: create or replace   view HEALTHCARE_DB.STAGING_staging.stg_claims
  
  
  
  
  as (
    with source as(
    select * from HEALTHCARE_DB.RAW.claims
),
cleaned as (
    select
        claim_id,
        patient_id,
        encounter_id,
        payer_id,
        initcap(trim(claim_type)) as claim_type,
        submitted_date,
        paid_date
        --financial data
        billed_amount,
        paid_amount,
        allowed_amount,
        --claim status
        initcap(trim(claim_status)) as claim_status
        from source
)
select * from cleaned
  )
/* {"app": "dbt", "dbt_version": "1.11.6", "profile_name": "healthcare_proj", "target_name": "prod", "node_id": "model.healthcare_proj.stg_claims"} */;
[0m08:34:11.357722 [debug] [Thread-4 (]: On model.healthcare_proj.stg_patients: create or replace   view HEALTHCARE_DB.STAGING_staging.stg_patients
  
  
  
  
  as (
    with source as (
    select * from HEALTHCARE_DB.RAW.patients
)
,
cleaned as (
    select 
        patient_id,
        --name cleaning
        initcap(trim(first_name)) as first_name,
        initcap(trim(last_name)) as last_name,
        initcap(trim(first_name)) || ' ' || initcap(trim(last_name)) as full_name,
        dob as dateofbirth,
        floor(datediff(day, dob, current_date()) / 365.25) as current_age,
        case
        when floor(datediff(day, dob, current_date()) / 365.25) < 18 then 'Child'
        when floor(datediff(day, dob, current_date()) / 365.25) between 18 and 64 then 'Adult'
        else 'Senior'
        end as age_group,
        upper(trim(gender)) as gender,
        trim(race) as race,
        trim(ethnicity) as ethnicity,
        zip_code,
        upper(state) as state,
        insurance_type,
        insurance_id,
        pcp_provider_id
    from source
)

select * from cleaned
  )
/* {"app": "dbt", "dbt_version": "1.11.6", "profile_name": "healthcare_proj", "target_name": "prod", "node_id": "model.healthcare_proj.stg_patients"} */;
[0m08:34:11.491167 [debug] [Thread-3 (]: SQL status: SUCCESS 1 in 0.134 seconds
[0m08:34:11.505482 [debug] [Thread-2 (]: SQL status: SUCCESS 1 in 0.147 seconds
[0m08:34:11.505895 [debug] [Thread-4 (]: SQL status: SUCCESS 1 in 0.148 seconds
[0m08:34:11.508454 [debug] [Thread-3 (]: Sending event: {'category': 'dbt', 'action': 'run_model', 'label': '49654266-ec1e-40ed-9513-e287c3432cab', 'context': [<snowplow_tracker.self_describing_json.SelfDescribingJson object at 0x10b579790>]}
[0m08:34:11.508625 [debug] [Thread-2 (]: Sending event: {'category': 'dbt', 'action': 'run_model', 'label': '49654266-ec1e-40ed-9513-e287c3432cab', 'context': [<snowplow_tracker.self_describing_json.SelfDescribingJson object at 0x10b431b80>]}
[0m08:34:11.508782 [debug] [Thread-4 (]: Sending event: {'category': 'dbt', 'action': 'run_model', 'label': '49654266-ec1e-40ed-9513-e287c3432cab', 'context': [<snowplow_tracker.self_describing_json.SelfDescribingJson object at 0x10b57b7a0>]}
[0m08:34:11.509184 [info ] [Thread-2 (]: 1 of 13 OK created sql view model STAGING_staging.stg_claims ................... [[32mSUCCESS 1[0m in 0.33s]
[0m08:34:11.509676 [info ] [Thread-3 (]: 2 of 13 OK created sql view model STAGING_staging.stg_encounters ............... [[32mSUCCESS 1[0m in 0.33s]
[0m08:34:11.509937 [info ] [Thread-4 (]: 3 of 13 OK created sql view model STAGING_staging.stg_patients ................. [[32mSUCCESS 1[0m in 0.33s]
[0m08:34:11.510298 [debug] [Thread-2 (]: Finished running node model.healthcare_proj.stg_claims
[0m08:34:11.510613 [debug] [Thread-3 (]: Finished running node model.healthcare_proj.stg_encounters
[0m08:34:11.510858 [debug] [Thread-4 (]: Finished running node model.healthcare_proj.stg_patients
[0m08:34:11.511291 [debug] [Thread-8 (]: Began running node model.healthcare_proj.fact_encounters
[0m08:34:11.511486 [debug] [Thread-9 (]: Began running node model.healthcare_proj.int_churn_metrics
[0m08:34:11.511704 [info ] [Thread-8 (]: 6 of 13 START sql incremental model STAGING_marts.fact_encounters .............. [RUN]
[0m08:34:11.511930 [debug] [Thread-7 (]: Began running node test.healthcare_proj.accepted_values_stg_patients_gender__M__F__O.8592a557cd
[0m08:34:11.512116 [info ] [Thread-9 (]: 7 of 13 START sql view model STAGING_intermediate.int_churn_metrics ............ [RUN]
[0m08:34:11.512365 [debug] [Thread-8 (]: Acquiring new snowflake connection 'model.healthcare_proj.fact_encounters'
[0m08:34:11.512513 [debug] [Thread-2 (]: Began running node test.healthcare_proj.not_null_stg_patients_patient_id.e578180344
[0m08:34:11.512669 [debug] [Thread-3 (]: Began running node test.healthcare_proj.unique_stg_patients_patient_id.8907d3ccf0
[0m08:34:11.512833 [info ] [Thread-7 (]: 8 of 13 START test accepted_values_stg_patients_gender__M__F__O ................ [RUN]
[0m08:34:11.513444 [debug] [Thread-9 (]: Acquiring new snowflake connection 'model.healthcare_proj.int_churn_metrics'
[0m08:34:11.514569 [debug] [Thread-9 (]: Began compiling node model.healthcare_proj.int_churn_metrics
[0m08:34:11.513601 [debug] [Thread-8 (]: Began compiling node model.healthcare_proj.fact_encounters
[0m08:34:11.514125 [info ] [Thread-3 (]: 10 of 13 START test unique_stg_patients_patient_id ............................. [RUN]
[0m08:34:11.514405 [debug] [Thread-7 (]: Acquiring new snowflake connection 'test.healthcare_proj.accepted_values_stg_patients_gender__M__F__O.8592a557cd'
[0m08:34:11.516482 [debug] [Thread-9 (]: Writing injected SQL for node "model.healthcare_proj.int_churn_metrics"
[0m08:34:11.521939 [debug] [Thread-8 (]: Writing injected SQL for node "model.healthcare_proj.fact_encounters"
[0m08:34:11.513916 [info ] [Thread-2 (]: 9 of 13 START test not_null_stg_patients_patient_id ............................ [RUN]
[0m08:34:11.522444 [debug] [Thread-3 (]: Re-using an available connection from the pool (formerly model.healthcare_proj.stg_encounters, now test.healthcare_proj.unique_stg_patients_patient_id.8907d3ccf0)
[0m08:34:11.522656 [debug] [Thread-7 (]: Began compiling node test.healthcare_proj.accepted_values_stg_patients_gender__M__F__O.8592a557cd
[0m08:34:11.523004 [debug] [Thread-2 (]: Re-using an available connection from the pool (formerly model.healthcare_proj.stg_claims, now test.healthcare_proj.not_null_stg_patients_patient_id.e578180344)
[0m08:34:11.523202 [debug] [Thread-3 (]: Began compiling node test.healthcare_proj.unique_stg_patients_patient_id.8907d3ccf0
[0m08:34:11.529807 [debug] [Thread-2 (]: Began compiling node test.healthcare_proj.not_null_stg_patients_patient_id.e578180344
[0m08:34:11.530089 [debug] [Thread-8 (]: Began executing node model.healthcare_proj.fact_encounters
[0m08:34:11.529572 [debug] [Thread-7 (]: Writing injected SQL for node "test.healthcare_proj.accepted_values_stg_patients_gender__M__F__O.8592a557cd"
[0m08:34:11.530348 [debug] [Thread-9 (]: Began executing node model.healthcare_proj.int_churn_metrics
[0m08:34:11.534213 [debug] [Thread-3 (]: Writing injected SQL for node "test.healthcare_proj.unique_stg_patients_patient_id.8907d3ccf0"
[0m08:34:11.538369 [debug] [Thread-2 (]: Writing injected SQL for node "test.healthcare_proj.not_null_stg_patients_patient_id.e578180344"
[0m08:34:11.557747 [debug] [Thread-8 (]: Using snowflake connection "model.healthcare_proj.fact_encounters"
[0m08:34:11.559005 [debug] [Thread-9 (]: Writing runtime sql for node "model.healthcare_proj.int_churn_metrics"
[0m08:34:11.559619 [debug] [Thread-8 (]: On model.healthcare_proj.fact_encounters: create or replace  temporary view HEALTHCARE_DB.STAGING_marts.fact_encounters__dbt_tmp
  
  
  
  
  as (
    

with encounters as(
    select *
    from HEALTHCARE_DB.STAGING_staging.stg_encounters
),
dx as (
    select *
    from HEALTHCARE_DB.RAW.diagnoses
),
mds as (
    select *
    from HEALTHCARE_DB.RAW.medications
),
pivots as
(
    --diagnoses
    select
    encounter_id,
    count(*) as diagnosis_count,
    max(case when icd10_code like 'I%' then 1 else 0 end) as has_cardiovascular_dx,
    max(case when icd10_code like 'J%' then 1 else 0 end) as has_respiratory_dx,
    count(distinct medication_id) as distinct_medication_count
    from dx
    left join mds using(encounter_id)
    group by encounter_id
)
select 
    encounters.*,
    pivots.diagnosis_count,
    pivots.has_cardiovascular_dx,
    pivots.has_respiratory_dx,
    pivots.distinct_medication_count
from encounters
left join pivots using(encounter_id)


  where encounters.encounter_date > (select max(encounter_date) from HEALTHCARE_DB.STAGING_marts.fact_encounters)

  )
/* {"app": "dbt", "dbt_version": "1.11.6", "profile_name": "healthcare_proj", "target_name": "prod", "node_id": "model.healthcare_proj.fact_encounters"} */;
[0m08:34:11.559858 [debug] [Thread-7 (]: Began executing node test.healthcare_proj.accepted_values_stg_patients_gender__M__F__O.8592a557cd
[0m08:34:11.560085 [debug] [Thread-3 (]: Began executing node test.healthcare_proj.unique_stg_patients_patient_id.8907d3ccf0
[0m08:34:11.560282 [debug] [Thread-8 (]: Opening a new connection, currently in state init
[0m08:34:11.560404 [debug] [Thread-2 (]: Began executing node test.healthcare_proj.not_null_stg_patients_patient_id.e578180344
[0m08:34:11.568202 [debug] [Thread-7 (]: Writing runtime sql for node "test.healthcare_proj.accepted_values_stg_patients_gender__M__F__O.8592a557cd"
[0m08:34:11.569258 [debug] [Thread-3 (]: Writing runtime sql for node "test.healthcare_proj.unique_stg_patients_patient_id.8907d3ccf0"
[0m08:34:11.569945 [debug] [Thread-9 (]: Using snowflake connection "model.healthcare_proj.int_churn_metrics"
[0m08:34:11.571556 [debug] [Thread-2 (]: Writing runtime sql for node "test.healthcare_proj.not_null_stg_patients_patient_id.e578180344"
[0m08:34:11.571870 [debug] [Thread-9 (]: On model.healthcare_proj.int_churn_metrics: create or replace   view HEALTHCARE_DB.STAGING_intermediate.int_churn_metrics
  
  
  
  
  as (
    with encounters as(
    select *
    from HEALTHCARE_DB.STAGING_staging.stg_encounters
),
latest_activity as (
    select
        patient_id,
        max(encounter_date) as last_encounter_date,
        max(discharge_date) as last_discharge_date,
        count(*) as total_encounters,
        count(distinct(encounter_type)) as distinct_encounter_types,
        count(distinct(provider_id)) as distinct_providers,
        max(encounter_type) as most_recent_encounter_type
    from encounters
    group by patient_id
),

--churn metrics
churn_metrics as (
    select
        patient_id,
        last_encounter_date,
        last_discharge_date,
        total_encounters,
        distinct_encounter_types,
        distinct_providers,
        most_recent_encounter_type,
        case
            when last_encounter_date < dateadd(month, -6, current_date()) then 'Churned/Inactive'
            when last_encounter_date >= dateadd(month, -6, current_date()) and last_encounter_date < dateadd(month, -3, current_date()) then 'At Risk'
            else 'Active'
        end as churn_status
        from latest_activity
)
select * from churn_metrics
  )
/* {"app": "dbt", "dbt_version": "1.11.6", "profile_name": "healthcare_proj", "target_name": "prod", "node_id": "model.healthcare_proj.int_churn_metrics"} */;
[0m08:34:11.621801 [debug] [Thread-3 (]: Using snowflake connection "test.healthcare_proj.unique_stg_patients_patient_id.8907d3ccf0"
[0m08:34:11.622159 [debug] [Thread-9 (]: Opening a new connection, currently in state init
[0m08:34:11.622396 [debug] [Thread-3 (]: On test.healthcare_proj.unique_stg_patients_patient_id.8907d3ccf0: select
      count(*) as failures,
      count(*) != 0 as should_warn,
      count(*) != 0 as should_error
    from (
      
    
  
    
    

select
    patient_id as unique_field,
    count(*) as n_records

from HEALTHCARE_DB.STAGING_staging.stg_patients
where patient_id is not null
group by patient_id
having count(*) > 1



  
  
      
    ) dbt_internal_test
/* {"app": "dbt", "dbt_version": "1.11.6", "profile_name": "healthcare_proj", "target_name": "prod", "node_id": "test.healthcare_proj.unique_stg_patients_patient_id.8907d3ccf0"} */
[0m08:34:11.622805 [debug] [Thread-7 (]: Using snowflake connection "test.healthcare_proj.accepted_values_stg_patients_gender__M__F__O.8592a557cd"
[0m08:34:11.623208 [debug] [Thread-2 (]: Using snowflake connection "test.healthcare_proj.not_null_stg_patients_patient_id.e578180344"
[0m08:34:11.672656 [debug] [Thread-7 (]: On test.healthcare_proj.accepted_values_stg_patients_gender__M__F__O.8592a557cd: select
      count(*) as failures,
      count(*) != 0 as should_warn,
      count(*) != 0 as should_error
    from (
      
    
  
    
    

with all_values as (

    select
        gender as value_field,
        count(*) as n_records

    from HEALTHCARE_DB.STAGING_staging.stg_patients
    group by gender

)

select *
from all_values
where value_field not in (
    'M','F','O'
)



  
  
      
    ) dbt_internal_test
/* {"app": "dbt", "dbt_version": "1.11.6", "profile_name": "healthcare_proj", "target_name": "prod", "node_id": "test.healthcare_proj.accepted_values_stg_patients_gender__M__F__O.8592a557cd"} */
[0m08:34:11.674641 [debug] [Thread-2 (]: On test.healthcare_proj.not_null_stg_patients_patient_id.e578180344: select
      count(*) as failures,
      count(*) != 0 as should_warn,
      count(*) != 0 as should_error
    from (
      
    
  
    
    



select patient_id
from HEALTHCARE_DB.STAGING_staging.stg_patients
where patient_id is null



  
  
      
    ) dbt_internal_test
/* {"app": "dbt", "dbt_version": "1.11.6", "profile_name": "healthcare_proj", "target_name": "prod", "node_id": "test.healthcare_proj.not_null_stg_patients_patient_id.e578180344"} */
[0m08:34:11.675316 [debug] [Thread-7 (]: Opening a new connection, currently in state init
[0m08:34:11.678635 [debug] [Thread-6 (]: Snowflake adapter: Snowflake query id: 01c669d2-0000-a2fc-0000-11fd0001ad7a
[0m08:34:11.679213 [debug] [Thread-6 (]: Snowflake adapter: Snowflake error: 000904 (42000): SQL compilation error: error line 21 at position 0
invalid identifier 'PROVIDER_NAME'
[0m08:34:11.681968 [debug] [Thread-5 (]: SQL status: SUCCESS 0 in 0.376 seconds
[0m08:34:11.686806 [debug] [Thread-5 (]: Using snowflake connection "snapshot.healthcare_proj.snap_patient_insurance"
[0m08:34:11.735931 [debug] [Thread-5 (]: On snapshot.healthcare_proj.snap_patient_insurance: describe table "HEALTHCARE_DB"."SNAPSHOTS"."SNAP_PATIENT_INSURANCE"
/* {"app": "dbt", "dbt_version": "1.11.6", "profile_name": "healthcare_proj", "target_name": "prod", "node_id": "snapshot.healthcare_proj.snap_patient_insurance"} */
[0m08:34:11.744422 [debug] [Thread-6 (]: Database Error in snapshot snap_provider (snapshots/snap_provider.sql)
  000904 (42000): SQL compilation error: error line 21 at position 0
  invalid identifier 'PROVIDER_NAME'
[0m08:34:11.745384 [debug] [Thread-6 (]: Sending event: {'category': 'dbt', 'action': 'run_model', 'label': '49654266-ec1e-40ed-9513-e287c3432cab', 'context': [<snowplow_tracker.self_describing_json.SelfDescribingJson object at 0x10b58a060>]}
[0m08:34:11.745908 [error] [Thread-6 (]: 5 of 13 ERROR snapshotting snapshots.snap_provider ............................. [[31mERROR[0m in 0.56s]
[0m08:34:11.747590 [debug] [Thread-6 (]: Finished running node snapshot.healthcare_proj.snap_provider
[0m08:34:11.748254 [debug] [Thread-12 ]: Marking all children of 'snapshot.healthcare_proj.snap_provider' to be skipped because of status 'error'.  Reason: Database Error in snapshot snap_provider (snapshots/snap_provider.sql)
  000904 (42000): SQL compilation error: error line 21 at position 0
  invalid identifier 'PROVIDER_NAME'.
[0m08:34:11.769417 [debug] [Thread-2 (]: SQL status: SUCCESS 1 in 0.093 seconds
[0m08:34:11.771581 [info ] [Thread-2 (]: 9 of 13 PASS not_null_stg_patients_patient_id .................................. [[32mPASS[0m in 0.25s]
[0m08:34:11.771859 [debug] [Thread-2 (]: Finished running node test.healthcare_proj.not_null_stg_patients_patient_id.e578180344
[0m08:34:11.780419 [debug] [Thread-5 (]: SQL status: SUCCESS 7 in 0.042 seconds
[0m08:34:11.782503 [debug] [Thread-5 (]: Using snowflake connection "snapshot.healthcare_proj.snap_patient_insurance"
[0m08:34:11.782688 [debug] [Thread-5 (]: On snapshot.healthcare_proj.snap_patient_insurance: describe table "HEALTHCARE_DB"."SNAPSHOTS"."SNAP_PATIENT_INSURANCE"
/* {"app": "dbt", "dbt_version": "1.11.6", "profile_name": "healthcare_proj", "target_name": "prod", "node_id": "snapshot.healthcare_proj.snap_patient_insurance"} */
[0m08:34:11.821416 [debug] [Thread-5 (]: SQL status: SUCCESS 7 in 0.039 seconds
[0m08:34:11.838002 [debug] [Thread-5 (]: Using snowflake connection "snapshot.healthcare_proj.snap_patient_insurance"
[0m08:34:11.838299 [debug] [Thread-5 (]: On snapshot.healthcare_proj.snap_patient_insurance: create or replace temporary table "HEALTHCARE_DB"."SNAPSHOTS"."SNAP_PATIENT_INSURANCE__dbt_tmp"
as (
    
    
    with snapshot_query as (

        


select 
patient_id,
insurance_id,
insurance_type
from
HEALTHCARE_DB.RAW.patients

    ),

    snapshotted_data as (

        select *, 
    
        patient_id as dbt_unique_key
    

        from "HEALTHCARE_DB"."SNAPSHOTS"."SNAP_PATIENT_INSURANCE"
        where
            
                dbt_valid_to is null
            

    ),

    insertions_source_data as (

        select *, 
    
        patient_id as dbt_unique_key
    
,
            to_timestamp_ntz(convert_timezone('UTC', current_timestamp())) as dbt_updated_at,
            to_timestamp_ntz(convert_timezone('UTC', current_timestamp())) as dbt_valid_from,
            
  
  coalesce(nullif(to_timestamp_ntz(convert_timezone('UTC', current_timestamp())), to_timestamp_ntz(convert_timezone('UTC', current_timestamp()))), null)
  as dbt_valid_to
,
            md5(coalesce(cast(patient_id as varchar ), '')
         || '|' || coalesce(cast(to_timestamp_ntz(convert_timezone('UTC', current_timestamp())) as varchar ), '')
        ) as dbt_scd_id

        from snapshot_query
    ),

    updates_source_data as (

        select *, 
    
        patient_id as dbt_unique_key
    
,
            to_timestamp_ntz(convert_timezone('UTC', current_timestamp())) as dbt_updated_at,
            to_timestamp_ntz(convert_timezone('UTC', current_timestamp())) as dbt_valid_from,
            to_timestamp_ntz(convert_timezone('UTC', current_timestamp())) as dbt_valid_to

        from snapshot_query
    ),

    insertions as (

        select
            'insert' as dbt_change_type,
            source_data.*

        from insertions_source_data as source_data
        left outer join snapshotted_data
            on 
    
        snapshotted_data.dbt_unique_key = source_data.dbt_unique_key
    

            where 
    
        snapshotted_data.dbt_unique_key is null
    

            or (
    
        snapshotted_data.dbt_unique_key is not null
    
 and (
               (snapshotted_data."INSURANCE_ID" != source_data."INSURANCE_ID"
        or
        (
            ((snapshotted_data."INSURANCE_ID" is null) and not (source_data."INSURANCE_ID" is null))
            or
            ((not snapshotted_data."INSURANCE_ID" is null) and (source_data."INSURANCE_ID" is null))
        ))
            )

        )

    ),

    updates as (

        select
            'update' as dbt_change_type,
            source_data.*,
            snapshotted_data.dbt_scd_id

        from updates_source_data as source_data
        join snapshotted_data
            on 
    
        snapshotted_data.dbt_unique_key = source_data.dbt_unique_key
    

        where (
            (snapshotted_data."INSURANCE_ID" != source_data."INSURANCE_ID"
        or
        (
            ((snapshotted_data."INSURANCE_ID" is null) and not (source_data."INSURANCE_ID" is null))
            or
            ((not snapshotted_data."INSURANCE_ID" is null) and (source_data."INSURANCE_ID" is null))
        ))
        )
    )

    select * from insertions
    union all
    select * from updates

    )

/* {"app": "dbt", "dbt_version": "1.11.6", "profile_name": "healthcare_proj", "target_name": "prod", "node_id": "snapshot.healthcare_proj.snap_patient_insurance"} */;
[0m08:34:11.844043 [debug] [Thread-3 (]: SQL status: SUCCESS 1 in 0.172 seconds
[0m08:34:11.844908 [info ] [Thread-3 (]: 10 of 13 PASS unique_stg_patients_patient_id ................................... [[32mPASS[0m in 0.32s]
[0m08:34:11.845165 [debug] [Thread-3 (]: Finished running node test.healthcare_proj.unique_stg_patients_patient_id.8907d3ccf0
[0m08:34:11.976459 [debug] [Thread-7 (]: SQL status: SUCCESS 1 in 0.301 seconds
[0m08:34:11.978125 [info ] [Thread-7 (]: 8 of 13 PASS accepted_values_stg_patients_gender__M__F__O ...................... [[32mPASS[0m in 0.46s]
[0m08:34:11.978565 [debug] [Thread-7 (]: Finished running node test.healthcare_proj.accepted_values_stg_patients_gender__M__F__O.8592a557cd
[0m08:34:11.978950 [debug] [Thread-4 (]: Began running node model.healthcare_proj.int_patient_encounters
[0m08:34:11.979317 [info ] [Thread-4 (]: 11 of 13 START sql view model STAGING_intermediate.int_patient_encounters ...... [RUN]
[0m08:34:11.979602 [debug] [Thread-4 (]: Re-using an available connection from the pool (formerly model.healthcare_proj.stg_patients, now model.healthcare_proj.int_patient_encounters)
[0m08:34:11.979827 [debug] [Thread-4 (]: Began compiling node model.healthcare_proj.int_patient_encounters
[0m08:34:11.982501 [debug] [Thread-4 (]: Writing injected SQL for node "model.healthcare_proj.int_patient_encounters"
[0m08:34:11.983057 [debug] [Thread-4 (]: Began executing node model.healthcare_proj.int_patient_encounters
[0m08:34:11.984959 [debug] [Thread-4 (]: Writing runtime sql for node "model.healthcare_proj.int_patient_encounters"
[0m08:34:11.986118 [debug] [Thread-4 (]: Using snowflake connection "model.healthcare_proj.int_patient_encounters"
[0m08:34:11.986360 [debug] [Thread-4 (]: On model.healthcare_proj.int_patient_encounters: create or replace   view HEALTHCARE_DB.STAGING_intermediate.int_patient_encounters
  
  
  
  
  as (
    with patients as (
    select * from HEALTHCARE_DB.STAGING_staging.stg_patients
),
encounters as (
    select * from HEALTHCARE_DB.STAGING_staging.stg_encounters
),
diagnoses as (
    select * from HEALTHCARE_DB.RAW.diagnoses
),
providers as (
    select * from HEALTHCARE_DB.RAW.providers
),
joined as (
    select
        e.encounter_id,
        e.patient_id,
        e.provider_id,
        e.facility_id,
        e.encounter_type,
        e.encounter_date,
        e.discharge_date,
        e.discharge_disposition,

        --patient data
        full_name,
        gender,
        race,
        state,
        insurance_type

        --provider info
        provider_name,
        specialty,
        npi

    from encounters e
    left join patients p on e.patient_id=p.patient_id
    left join providers prov on p.pcp_provider_id=prov.provider_id

)

select * from joined
  )
/* {"app": "dbt", "dbt_version": "1.11.6", "profile_name": "healthcare_proj", "target_name": "prod", "node_id": "model.healthcare_proj.int_patient_encounters"} */;
[0m08:34:12.016397 [debug] [Thread-9 (]: SQL status: SUCCESS 1 in 0.394 seconds
[0m08:34:12.018653 [debug] [Thread-9 (]: Sending event: {'category': 'dbt', 'action': 'run_model', 'label': '49654266-ec1e-40ed-9513-e287c3432cab', 'context': [<snowplow_tracker.self_describing_json.SelfDescribingJson object at 0x10b431730>]}
[0m08:34:12.019153 [info ] [Thread-9 (]: 7 of 13 OK created sql view model STAGING_intermediate.int_churn_metrics ....... [[32mSUCCESS 1[0m in 0.51s]
[0m08:34:12.019533 [debug] [Thread-9 (]: Finished running node model.healthcare_proj.int_churn_metrics
[0m08:34:12.019892 [debug] [Thread-2 (]: Began running node model.healthcare_proj.dim_patient
[0m08:34:12.020192 [info ] [Thread-2 (]: 12 of 13 START sql table model STAGING_marts.dim_patient ....................... [RUN]
[0m08:34:12.020447 [debug] [Thread-2 (]: Re-using an available connection from the pool (formerly test.healthcare_proj.not_null_stg_patients_patient_id.e578180344, now model.healthcare_proj.dim_patient)
[0m08:34:12.020642 [debug] [Thread-2 (]: Began compiling node model.healthcare_proj.dim_patient
[0m08:34:12.022761 [debug] [Thread-2 (]: Writing injected SQL for node "model.healthcare_proj.dim_patient"
[0m08:34:12.023258 [debug] [Thread-2 (]: Began executing node model.healthcare_proj.dim_patient
[0m08:34:12.029166 [debug] [Thread-2 (]: Writing runtime sql for node "model.healthcare_proj.dim_patient"
[0m08:34:12.030024 [debug] [Thread-8 (]: SQL status: SUCCESS 1 in 0.470 seconds
[0m08:34:12.032642 [debug] [Thread-8 (]: Using snowflake connection "model.healthcare_proj.fact_encounters"
[0m08:34:12.032857 [debug] [Thread-8 (]: On model.healthcare_proj.fact_encounters: describe table HEALTHCARE_DB.STAGING_marts.fact_encounters__dbt_tmp
/* {"app": "dbt", "dbt_version": "1.11.6", "profile_name": "healthcare_proj", "target_name": "prod", "node_id": "model.healthcare_proj.fact_encounters"} */
[0m08:34:12.033809 [debug] [Thread-2 (]: Using snowflake connection "model.healthcare_proj.dim_patient"
[0m08:34:12.034355 [debug] [Thread-2 (]: On model.healthcare_proj.dim_patient: create or replace transient table HEALTHCARE_DB.STAGING_marts.dim_patient
    
    
    
    as (with patients as (
    select * from HEALTHCARE_DB.STAGING_staging.stg_patients
),
churm_metrics as (
    select * from HEALTHCARE_DB.STAGING_intermediate.int_churn_metrics
),
pivots as (
    select
    patient_id,
    max(case when encounter_type='Inpatient' then 1 else 0 end) as is_inpatient,
    max(case when encounter_type='Outpatient' then 1 else 0 end) as is_outpatient,
    max(case when encounter_type='Emergency' then 1 else 0 end) as is_emergency
    from HEALTHCARE_DB.STAGING_staging.stg_encounters
    group by patient_id
)
select
    patients.*,
    churm_metrics.last_encounter_date,
    churm_metrics.last_discharge_date,
    churm_metrics.total_encounters,
    churm_metrics.distinct_encounter_types,
    churm_metrics.distinct_providers,
    churm_metrics.most_recent_encounter_type
    ,churm_metrics.churn_status
    from patients
    left join churm_metrics on patients.patient_id=churm_metrics.patient_id
    left join pivots on patients.patient_id=pivots.patient_id
    )

/* {"app": "dbt", "dbt_version": "1.11.6", "profile_name": "healthcare_proj", "target_name": "prod", "node_id": "model.healthcare_proj.dim_patient"} */;
[0m08:34:12.083139 [debug] [Thread-8 (]: SQL status: SUCCESS 13 in 0.050 seconds
[0m08:34:12.086149 [debug] [Thread-8 (]: Using snowflake connection "model.healthcare_proj.fact_encounters"
[0m08:34:12.086418 [debug] [Thread-8 (]: On model.healthcare_proj.fact_encounters: describe table HEALTHCARE_DB.STAGING_marts.fact_encounters
/* {"app": "dbt", "dbt_version": "1.11.6", "profile_name": "healthcare_proj", "target_name": "prod", "node_id": "model.healthcare_proj.fact_encounters"} */
[0m08:34:12.126731 [debug] [Thread-8 (]: SQL status: SUCCESS 13 in 0.040 seconds
[0m08:34:12.133413 [debug] [Thread-8 (]: Using snowflake connection "model.healthcare_proj.fact_encounters"
[0m08:34:12.133694 [debug] [Thread-8 (]: On model.healthcare_proj.fact_encounters: describe table "HEALTHCARE_DB"."STAGING_MARTS"."FACT_ENCOUNTERS"
/* {"app": "dbt", "dbt_version": "1.11.6", "profile_name": "healthcare_proj", "target_name": "prod", "node_id": "model.healthcare_proj.fact_encounters"} */
[0m08:34:12.155988 [debug] [Thread-4 (]: SQL status: SUCCESS 1 in 0.169 seconds
[0m08:34:12.157588 [debug] [Thread-4 (]: Sending event: {'category': 'dbt', 'action': 'run_model', 'label': '49654266-ec1e-40ed-9513-e287c3432cab', 'context': [<snowplow_tracker.self_describing_json.SelfDescribingJson object at 0x10b0a2690>]}
[0m08:34:12.158052 [info ] [Thread-4 (]: 11 of 13 OK created sql view model STAGING_intermediate.int_patient_encounters . [[32mSUCCESS 1[0m in 0.18s]
[0m08:34:12.158404 [debug] [Thread-4 (]: Finished running node model.healthcare_proj.int_patient_encounters
[0m08:34:12.158736 [debug] [Thread-7 (]: Began running node model.healthcare_proj.int_patient_cohorts
[0m08:34:12.159008 [info ] [Thread-7 (]: 13 of 13 START sql view model STAGING_intermediate.int_patient_cohorts ......... [RUN]
[0m08:34:12.159407 [debug] [Thread-7 (]: Re-using an available connection from the pool (formerly test.healthcare_proj.accepted_values_stg_patients_gender__M__F__O.8592a557cd, now model.healthcare_proj.int_patient_cohorts)
[0m08:34:12.159718 [debug] [Thread-7 (]: Began compiling node model.healthcare_proj.int_patient_cohorts
[0m08:34:12.162039 [debug] [Thread-7 (]: Writing injected SQL for node "model.healthcare_proj.int_patient_cohorts"
[0m08:34:12.162623 [debug] [Thread-7 (]: Began executing node model.healthcare_proj.int_patient_cohorts
[0m08:34:12.164421 [debug] [Thread-7 (]: Writing runtime sql for node "model.healthcare_proj.int_patient_cohorts"
[0m08:34:12.166213 [debug] [Thread-7 (]: Using snowflake connection "model.healthcare_proj.int_patient_cohorts"
[0m08:34:12.166689 [debug] [Thread-7 (]: On model.healthcare_proj.int_patient_cohorts: create or replace   view HEALTHCARE_DB.STAGING_intermediate.int_patient_cohorts
  
  
  
  
  as (
    with encounters as (
    select *
    from HEALTHCARE_DB.STAGING_intermediate.int_patient_encounters
),

--first encounter for each patient
first_encounters as (
    select
        patient_id,
        encounter_id,
        encounter_date,
        encounter_type,
        provider_id,
        provider_name,
        specialty
        from encounters
        qualify row_number() over(partition by patient_id order by encounter_date asc)=1
),
--Month activity windows
month_activity as (
    select
    patient_id,
    date_trunc('month', encounter_date) as month_start,
    max(encounter_date) as month_end,
    count(*) as encounter_count,
    count(distinct provider_id) as distinct_provider_count,
    max(encounter_type) as most_recent_encounter_type
    from encounters
    group by patient_id, date_trunc('month', encounter_date)
),

--Cohort summary
cohort_summary as (
    select
        patient_id,
        min(encounter_date) as first_encounter_date,
        max(encounter_date) as last_encounter_date,
        count(*) as total_encounters,
        count(distinct provider_id) as total_distinct_providers,
        max(encounter_type) as most_common_encounter_type
    from encounters
    group by patient_id
)
 select * from cohort_summary
  )
/* {"app": "dbt", "dbt_version": "1.11.6", "profile_name": "healthcare_proj", "target_name": "prod", "node_id": "model.healthcare_proj.int_patient_cohorts"} */;
[0m08:34:12.173542 [debug] [Thread-8 (]: SQL status: SUCCESS 13 in 0.040 seconds
[0m08:34:12.194217 [debug] [Thread-8 (]: Writing runtime sql for node "model.healthcare_proj.fact_encounters"
[0m08:34:12.195387 [debug] [Thread-8 (]: Using snowflake connection "model.healthcare_proj.fact_encounters"
[0m08:34:12.195570 [debug] [Thread-8 (]: On model.healthcare_proj.fact_encounters: -- back compat for old kwarg name
  
  begin
/* {"app": "dbt", "dbt_version": "1.11.6", "profile_name": "healthcare_proj", "target_name": "prod", "node_id": "model.healthcare_proj.fact_encounters"} */;
[0m08:34:12.198981 [debug] [Thread-5 (]: SQL status: SUCCESS 1 in 0.360 seconds
[0m08:34:12.200541 [debug] [Thread-5 (]: Using snowflake connection "snapshot.healthcare_proj.snap_patient_insurance"
[0m08:34:12.200720 [debug] [Thread-5 (]: On snapshot.healthcare_proj.snap_patient_insurance: describe table "HEALTHCARE_DB"."SNAPSHOTS"."SNAP_PATIENT_INSURANCE__dbt_tmp"
/* {"app": "dbt", "dbt_version": "1.11.6", "profile_name": "healthcare_proj", "target_name": "prod", "node_id": "snapshot.healthcare_proj.snap_patient_insurance"} */
[0m08:34:12.244837 [debug] [Thread-8 (]: SQL status: SUCCESS 1 in 0.049 seconds
[0m08:34:12.245194 [debug] [Thread-8 (]: Using snowflake connection "model.healthcare_proj.fact_encounters"
[0m08:34:12.245437 [debug] [Thread-8 (]: On model.healthcare_proj.fact_encounters: merge into HEALTHCARE_DB.STAGING_marts.fact_encounters as DBT_INTERNAL_DEST
        using HEALTHCARE_DB.STAGING_marts.fact_encounters__dbt_tmp as DBT_INTERNAL_SOURCE
        on ((DBT_INTERNAL_SOURCE.encounter_id = DBT_INTERNAL_DEST.encounter_id))

    
    when matched then update set
        "ENCOUNTER_ID" = DBT_INTERNAL_SOURCE."ENCOUNTER_ID","PATIENT_ID" = DBT_INTERNAL_SOURCE."PATIENT_ID","PROVIDER_ID" = DBT_INTERNAL_SOURCE."PROVIDER_ID","FACILITY_ID" = DBT_INTERNAL_SOURCE."FACILITY_ID","ENCOUNTER_TYPE" = DBT_INTERNAL_SOURCE."ENCOUNTER_TYPE","ENCOUNTER_DATE" = DBT_INTERNAL_SOURCE."ENCOUNTER_DATE","DISCHARGE_DATE" = DBT_INTERNAL_SOURCE."DISCHARGE_DATE","VALID_STAY" = DBT_INTERNAL_SOURCE."VALID_STAY","DISCHARGE_DISPOSITION" = DBT_INTERNAL_SOURCE."DISCHARGE_DISPOSITION","DIAGNOSIS_COUNT" = DBT_INTERNAL_SOURCE."DIAGNOSIS_COUNT","HAS_CARDIOVASCULAR_DX" = DBT_INTERNAL_SOURCE."HAS_CARDIOVASCULAR_DX","HAS_RESPIRATORY_DX" = DBT_INTERNAL_SOURCE."HAS_RESPIRATORY_DX","DISTINCT_MEDICATION_COUNT" = DBT_INTERNAL_SOURCE."DISTINCT_MEDICATION_COUNT"
    

    when not matched then insert
        ("ENCOUNTER_ID", "PATIENT_ID", "PROVIDER_ID", "FACILITY_ID", "ENCOUNTER_TYPE", "ENCOUNTER_DATE", "DISCHARGE_DATE", "VALID_STAY", "DISCHARGE_DISPOSITION", "DIAGNOSIS_COUNT", "HAS_CARDIOVASCULAR_DX", "HAS_RESPIRATORY_DX", "DISTINCT_MEDICATION_COUNT")
    values
        ("ENCOUNTER_ID", "PATIENT_ID", "PROVIDER_ID", "FACILITY_ID", "ENCOUNTER_TYPE", "ENCOUNTER_DATE", "DISCHARGE_DATE", "VALID_STAY", "DISCHARGE_DISPOSITION", "DIAGNOSIS_COUNT", "HAS_CARDIOVASCULAR_DX", "HAS_RESPIRATORY_DX", "DISTINCT_MEDICATION_COUNT")


/* {"app": "dbt", "dbt_version": "1.11.6", "profile_name": "healthcare_proj", "target_name": "prod", "node_id": "model.healthcare_proj.fact_encounters"} */;
[0m08:34:12.254334 [debug] [Thread-5 (]: SQL status: SUCCESS 9 in 0.053 seconds
[0m08:34:12.256651 [debug] [Thread-5 (]: Using snowflake connection "snapshot.healthcare_proj.snap_patient_insurance"
[0m08:34:12.256884 [debug] [Thread-5 (]: On snapshot.healthcare_proj.snap_patient_insurance: describe table "HEALTHCARE_DB"."SNAPSHOTS"."SNAP_PATIENT_INSURANCE"
/* {"app": "dbt", "dbt_version": "1.11.6", "profile_name": "healthcare_proj", "target_name": "prod", "node_id": "snapshot.healthcare_proj.snap_patient_insurance"} */
[0m08:34:12.292839 [debug] [Thread-5 (]: SQL status: SUCCESS 7 in 0.036 seconds
[0m08:34:12.295571 [debug] [Thread-5 (]: Using snowflake connection "snapshot.healthcare_proj.snap_patient_insurance"
[0m08:34:12.295845 [debug] [Thread-5 (]: On snapshot.healthcare_proj.snap_patient_insurance: describe table "HEALTHCARE_DB"."SNAPSHOTS"."SNAP_PATIENT_INSURANCE__dbt_tmp"
/* {"app": "dbt", "dbt_version": "1.11.6", "profile_name": "healthcare_proj", "target_name": "prod", "node_id": "snapshot.healthcare_proj.snap_patient_insurance"} */
[0m08:34:12.335764 [debug] [Thread-5 (]: SQL status: SUCCESS 9 in 0.040 seconds
[0m08:34:12.338915 [debug] [Thread-5 (]: Using snowflake connection "snapshot.healthcare_proj.snap_patient_insurance"
[0m08:34:12.339234 [debug] [Thread-5 (]: On snapshot.healthcare_proj.snap_patient_insurance: describe table "HEALTHCARE_DB"."SNAPSHOTS"."SNAP_PATIENT_INSURANCE"
/* {"app": "dbt", "dbt_version": "1.11.6", "profile_name": "healthcare_proj", "target_name": "prod", "node_id": "snapshot.healthcare_proj.snap_patient_insurance"} */
[0m08:34:12.376545 [debug] [Thread-5 (]: SQL status: SUCCESS 7 in 0.037 seconds
[0m08:34:12.382419 [debug] [Thread-5 (]: Using snowflake connection "snapshot.healthcare_proj.snap_patient_insurance"
[0m08:34:12.382723 [debug] [Thread-5 (]: On snapshot.healthcare_proj.snap_patient_insurance: describe table "HEALTHCARE_DB"."SNAPSHOTS"."SNAP_PATIENT_INSURANCE__dbt_tmp"
/* {"app": "dbt", "dbt_version": "1.11.6", "profile_name": "healthcare_proj", "target_name": "prod", "node_id": "snapshot.healthcare_proj.snap_patient_insurance"} */
[0m08:34:12.414613 [debug] [Thread-7 (]: SQL status: SUCCESS 1 in 0.248 seconds
[0m08:34:12.416507 [debug] [Thread-7 (]: Sending event: {'category': 'dbt', 'action': 'run_model', 'label': '49654266-ec1e-40ed-9513-e287c3432cab', 'context': [<snowplow_tracker.self_describing_json.SelfDescribingJson object at 0x1100f42f0>]}
[0m08:34:12.417062 [info ] [Thread-7 (]: 13 of 13 OK created sql view model STAGING_intermediate.int_patient_cohorts .... [[32mSUCCESS 1[0m in 0.26s]
[0m08:34:12.417655 [debug] [Thread-7 (]: Finished running node model.healthcare_proj.int_patient_cohorts
[0m08:34:12.419536 [debug] [Thread-5 (]: SQL status: SUCCESS 9 in 0.037 seconds
[0m08:34:12.428983 [debug] [Thread-5 (]: Using snowflake connection "snapshot.healthcare_proj.snap_patient_insurance"
[0m08:34:12.429449 [debug] [Thread-5 (]: On snapshot.healthcare_proj.snap_patient_insurance: select * from (
        
    
    with snapshot_query as (

        


select 
patient_id,
insurance_id,
insurance_type
from
HEALTHCARE_DB.RAW.patients

    ),

    snapshotted_data as (

        select *, 
    
        patient_id as dbt_unique_key
    

        from "HEALTHCARE_DB"."SNAPSHOTS"."SNAP_PATIENT_INSURANCE"
        where
            
                dbt_valid_to is null
            

    ),

    insertions_source_data as (

        select *, 
    
        patient_id as dbt_unique_key
    
,
            to_timestamp_ntz(convert_timezone('UTC', current_timestamp())) as dbt_updated_at,
            to_timestamp_ntz(convert_timezone('UTC', current_timestamp())) as dbt_valid_from,
            
  
  coalesce(nullif(to_timestamp_ntz(convert_timezone('UTC', current_timestamp())), to_timestamp_ntz(convert_timezone('UTC', current_timestamp()))), null)
  as dbt_valid_to
,
            md5(coalesce(cast(patient_id as varchar ), '')
         || '|' || coalesce(cast(to_timestamp_ntz(convert_timezone('UTC', current_timestamp())) as varchar ), '')
        ) as dbt_scd_id

        from snapshot_query
    ),

    updates_source_data as (

        select *, 
    
        patient_id as dbt_unique_key
    
,
            to_timestamp_ntz(convert_timezone('UTC', current_timestamp())) as dbt_updated_at,
            to_timestamp_ntz(convert_timezone('UTC', current_timestamp())) as dbt_valid_from,
            to_timestamp_ntz(convert_timezone('UTC', current_timestamp())) as dbt_valid_to

        from snapshot_query
    ),

    insertions as (

        select
            'insert' as dbt_change_type,
            source_data.*

        from insertions_source_data as source_data
        left outer join snapshotted_data
            on 
    
        snapshotted_data.dbt_unique_key = source_data.dbt_unique_key
    

            where 
    
        snapshotted_data.dbt_unique_key is null
    

            or (
    
        snapshotted_data.dbt_unique_key is not null
    
 and (
               (snapshotted_data."INSURANCE_ID" != source_data."INSURANCE_ID"
        or
        (
            ((snapshotted_data."INSURANCE_ID" is null) and not (source_data."INSURANCE_ID" is null))
            or
            ((not snapshotted_data."INSURANCE_ID" is null) and (source_data."INSURANCE_ID" is null))
        ))
            )

        )

    ),

    updates as (

        select
            'update' as dbt_change_type,
            source_data.*,
            snapshotted_data.dbt_scd_id

        from updates_source_data as source_data
        join snapshotted_data
            on 
    
        snapshotted_data.dbt_unique_key = source_data.dbt_unique_key
    

        where (
            (snapshotted_data."INSURANCE_ID" != source_data."INSURANCE_ID"
        or
        (
            ((snapshotted_data."INSURANCE_ID" is null) and not (source_data."INSURANCE_ID" is null))
            or
            ((not snapshotted_data."INSURANCE_ID" is null) and (source_data."INSURANCE_ID" is null))
        ))
        )
    )

    select * from insertions
    union all
    select * from updates

    ) as __dbt_sbq
    where false
    limit 0
/* {"app": "dbt", "dbt_version": "1.11.6", "profile_name": "healthcare_proj", "target_name": "prod", "node_id": "snapshot.healthcare_proj.snap_patient_insurance"} */
/* {"app": "dbt", "dbt_version": "1.11.6", "profile_name": "healthcare_proj", "target_name": "prod", "node_id": "snapshot.healthcare_proj.snap_patient_insurance"} */
[0m08:34:12.460307 [debug] [Thread-8 (]: SQL status: SUCCESS 0 in 0.215 seconds
[0m08:34:12.460742 [debug] [Thread-8 (]: Using snowflake connection "model.healthcare_proj.fact_encounters"
[0m08:34:12.461002 [debug] [Thread-8 (]: On model.healthcare_proj.fact_encounters: COMMIT
/* {"app": "dbt", "dbt_version": "1.11.6", "profile_name": "healthcare_proj", "target_name": "prod", "node_id": "model.healthcare_proj.fact_encounters"} */
[0m08:34:12.522958 [debug] [Thread-8 (]: SQL status: SUCCESS 1 in 0.062 seconds
[0m08:34:12.531821 [debug] [Thread-8 (]: Applying DROP to: HEALTHCARE_DB.STAGING_marts.fact_encounters__dbt_tmp
[0m08:34:12.537173 [debug] [Thread-8 (]: Using snowflake connection "model.healthcare_proj.fact_encounters"
[0m08:34:12.537504 [debug] [Thread-8 (]: On model.healthcare_proj.fact_encounters: drop view if exists HEALTHCARE_DB.STAGING_marts.fact_encounters__dbt_tmp cascade
/* {"app": "dbt", "dbt_version": "1.11.6", "profile_name": "healthcare_proj", "target_name": "prod", "node_id": "model.healthcare_proj.fact_encounters"} */
[0m08:34:12.538733 [debug] [Thread-5 (]: SQL status: SUCCESS 0 in 0.109 seconds
[0m08:34:12.541318 [debug] [Thread-5 (]: Using snowflake connection "snapshot.healthcare_proj.snap_patient_insurance"
[0m08:34:12.541647 [debug] [Thread-5 (]: On snapshot.healthcare_proj.snap_patient_insurance: select * from (
        select to_timestamp_ntz(convert_timezone('UTC', current_timestamp())) as dbt_snapshot_time
    ) as __dbt_sbq
    where false
    limit 0
/* {"app": "dbt", "dbt_version": "1.11.6", "profile_name": "healthcare_proj", "target_name": "prod", "node_id": "snapshot.healthcare_proj.snap_patient_insurance"} */
/* {"app": "dbt", "dbt_version": "1.11.6", "profile_name": "healthcare_proj", "target_name": "prod", "node_id": "snapshot.healthcare_proj.snap_patient_insurance"} */
[0m08:34:12.579061 [debug] [Thread-5 (]: SQL status: SUCCESS 0 in 0.037 seconds
[0m08:34:12.579621 [debug] [Thread-5 (]: Writing runtime sql for node "snapshot.healthcare_proj.snap_patient_insurance"
[0m08:34:12.580933 [debug] [Thread-5 (]: Using snowflake connection "snapshot.healthcare_proj.snap_patient_insurance"
[0m08:34:12.581226 [debug] [Thread-5 (]: On snapshot.healthcare_proj.snap_patient_insurance: BEGIN
/* {"app": "dbt", "dbt_version": "1.11.6", "profile_name": "healthcare_proj", "target_name": "prod", "node_id": "snapshot.healthcare_proj.snap_patient_insurance"} */
[0m08:34:12.601669 [debug] [Thread-8 (]: SQL status: SUCCESS 1 in 0.063 seconds
[0m08:34:12.603426 [debug] [Thread-8 (]: Sending event: {'category': 'dbt', 'action': 'run_model', 'label': '49654266-ec1e-40ed-9513-e287c3432cab', 'context': [<snowplow_tracker.self_describing_json.SelfDescribingJson object at 0x109249ca0>]}
[0m08:34:12.603943 [info ] [Thread-8 (]: 6 of 13 OK created sql incremental model STAGING_marts.fact_encounters ......... [[32mSUCCESS 0[0m in 1.09s]
[0m08:34:12.604389 [debug] [Thread-8 (]: Finished running node model.healthcare_proj.fact_encounters
[0m08:34:12.613084 [debug] [Thread-2 (]: SQL status: SUCCESS 8 in 0.578 seconds
[0m08:34:12.614552 [debug] [Thread-2 (]: Sending event: {'category': 'dbt', 'action': 'run_model', 'label': '49654266-ec1e-40ed-9513-e287c3432cab', 'context': [<snowplow_tracker.self_describing_json.SelfDescribingJson object at 0x10b18dcd0>]}
[0m08:34:12.615009 [info ] [Thread-2 (]: 12 of 13 OK created sql table model STAGING_marts.dim_patient .................. [[32mSUCCESS 8[0m in 0.59s]
[0m08:34:12.615417 [debug] [Thread-2 (]: Finished running node model.healthcare_proj.dim_patient
[0m08:34:12.629291 [debug] [Thread-5 (]: SQL status: SUCCESS 1 in 0.048 seconds
[0m08:34:12.629675 [debug] [Thread-5 (]: Using snowflake connection "snapshot.healthcare_proj.snap_patient_insurance"
[0m08:34:12.629951 [debug] [Thread-5 (]: On snapshot.healthcare_proj.snap_patient_insurance: merge into "HEALTHCARE_DB"."SNAPSHOTS"."SNAP_PATIENT_INSURANCE" as DBT_INTERNAL_DEST
    using "HEALTHCARE_DB"."SNAPSHOTS"."SNAP_PATIENT_INSURANCE__dbt_tmp" as DBT_INTERNAL_SOURCE
    on DBT_INTERNAL_SOURCE.dbt_scd_id = DBT_INTERNAL_DEST.dbt_scd_id

    when matched
     
       and DBT_INTERNAL_DEST.dbt_valid_to is null
     
     and DBT_INTERNAL_SOURCE.dbt_change_type in ('update', 'delete')
        then update
        set dbt_valid_to = DBT_INTERNAL_SOURCE.dbt_valid_to

    when not matched
     and DBT_INTERNAL_SOURCE.dbt_change_type = 'insert'
        then insert ("PATIENT_ID", "INSURANCE_ID", "INSURANCE_TYPE", "DBT_UPDATED_AT", "DBT_VALID_FROM", "DBT_VALID_TO", "DBT_SCD_ID")
        values ("PATIENT_ID", "INSURANCE_ID", "INSURANCE_TYPE", "DBT_UPDATED_AT", "DBT_VALID_FROM", "DBT_VALID_TO", "DBT_SCD_ID")


/* {"app": "dbt", "dbt_version": "1.11.6", "profile_name": "healthcare_proj", "target_name": "prod", "node_id": "snapshot.healthcare_proj.snap_patient_insurance"} */;
[0m08:34:12.757847 [debug] [Thread-5 (]: SQL status: SUCCESS 0 in 0.127 seconds
[0m08:34:12.758873 [debug] [Thread-5 (]: Using snowflake connection "snapshot.healthcare_proj.snap_patient_insurance"
[0m08:34:12.759408 [debug] [Thread-5 (]: On snapshot.healthcare_proj.snap_patient_insurance: COMMIT
/* {"app": "dbt", "dbt_version": "1.11.6", "profile_name": "healthcare_proj", "target_name": "prod", "node_id": "snapshot.healthcare_proj.snap_patient_insurance"} */
[0m08:34:12.817438 [debug] [Thread-5 (]: SQL status: SUCCESS 1 in 0.057 seconds
[0m08:34:12.822806 [debug] [Thread-5 (]: Sending event: {'category': 'dbt', 'action': 'run_model', 'label': '49654266-ec1e-40ed-9513-e287c3432cab', 'context': [<snowplow_tracker.self_describing_json.SelfDescribingJson object at 0x10bf9f350>]}
[0m08:34:12.823625 [info ] [Thread-5 (]: 4 of 13 OK snapshotted snapshots.snap_patient_insurance ........................ [[32mSUCCESS 0[0m in 1.65s]
[0m08:34:12.824170 [debug] [Thread-5 (]: Finished running node snapshot.healthcare_proj.snap_patient_insurance
[0m08:34:12.826089 [debug] [MainThread]: Connection 'master' was properly closed.
[0m08:34:12.826438 [debug] [MainThread]: Connection 'model.healthcare_proj.dim_patient' was left open.
[0m08:34:12.826695 [debug] [MainThread]: On model.healthcare_proj.dim_patient: Close
[0m08:34:12.870117 [debug] [MainThread]: Connection 'test.healthcare_proj.unique_stg_patients_patient_id.8907d3ccf0' was left open.
[0m08:34:12.870596 [debug] [MainThread]: On test.healthcare_proj.unique_stg_patients_patient_id.8907d3ccf0: Close
[0m08:34:12.911201 [debug] [MainThread]: Connection 'model.healthcare_proj.int_patient_encounters' was left open.
[0m08:34:12.911626 [debug] [MainThread]: On model.healthcare_proj.int_patient_encounters: Close
[0m08:34:12.952126 [debug] [MainThread]: Connection 'snapshot.healthcare_proj.snap_patient_insurance' was left open.
[0m08:34:12.952637 [debug] [MainThread]: On snapshot.healthcare_proj.snap_patient_insurance: Close
[0m08:34:12.995629 [debug] [MainThread]: Connection 'snapshot.healthcare_proj.snap_provider' was left open.
[0m08:34:12.996186 [debug] [MainThread]: On snapshot.healthcare_proj.snap_provider: Close
[0m08:34:13.039672 [debug] [MainThread]: Connection 'model.healthcare_proj.fact_encounters' was left open.
[0m08:34:13.040239 [debug] [MainThread]: On model.healthcare_proj.fact_encounters: Close
[0m08:34:13.085584 [debug] [MainThread]: Connection 'model.healthcare_proj.int_churn_metrics' was left open.
[0m08:34:13.086154 [debug] [MainThread]: On model.healthcare_proj.int_churn_metrics: Close
[0m08:34:13.128848 [debug] [MainThread]: Connection 'model.healthcare_proj.int_patient_cohorts' was left open.
[0m08:34:13.129374 [debug] [MainThread]: On model.healthcare_proj.int_patient_cohorts: Close
[0m08:34:13.174800 [info ] [MainThread]: 
[0m08:34:13.175349 [info ] [MainThread]: Finished running 1 incremental model, 2 snapshots, 1 table model, 3 data tests, 6 view models in 0 hours 0 minutes and 2.95 seconds (2.95s).
[0m08:34:13.177609 [debug] [MainThread]: Command end result
[0m08:34:13.199967 [debug] [MainThread]: Wrote artifact WritableManifest to /Users/rajarshiraychaudhuri/Documents/RajRayc_Git/healthcare_proj/target/manifest.json
[0m08:34:13.202092 [debug] [MainThread]: Wrote artifact SemanticManifest to /Users/rajarshiraychaudhuri/Documents/RajRayc_Git/healthcare_proj/target/semantic_manifest.json
[0m08:34:13.205983 [debug] [MainThread]: Wrote artifact RunExecutionResult to /Users/rajarshiraychaudhuri/Documents/RajRayc_Git/healthcare_proj/target/run_results.json
[0m08:34:13.206175 [info ] [MainThread]: 
[0m08:34:13.206369 [info ] [MainThread]: [31mCompleted with 1 error, 0 partial successes, and 0 warnings:[0m
[0m08:34:13.206531 [info ] [MainThread]: 
[0m08:34:13.206722 [error] [MainThread]: [31mFailure in snapshot snap_provider (snapshots/snap_provider.sql)[0m
[0m08:34:13.206907 [error] [MainThread]:   Database Error in snapshot snap_provider (snapshots/snap_provider.sql)
  000904 (42000): SQL compilation error: error line 21 at position 0
  invalid identifier 'PROVIDER_NAME'
[0m08:34:13.207064 [info ] [MainThread]: 
[0m08:34:13.207227 [info ] [MainThread]: Done. PASS=12 WARN=0 ERROR=1 SKIP=0 NO-OP=0 TOTAL=13
[0m08:34:13.210397 [debug] [MainThread]: Resource report: {"command_name": "build", "command_success": false, "command_wall_clock_time": 3.687984, "process_in_blocks": "0", "process_kernel_time": 0.313858, "process_mem_max_rss": "190808064", "process_out_blocks": "0", "process_user_time": 2.596913}
[0m08:34:13.210686 [debug] [MainThread]: Command `dbt build` failed at 08:34:13.210636 after 3.69 seconds
[0m08:34:13.210896 [debug] [MainThread]: Sending event: {'category': 'dbt', 'action': 'invocation', 'label': 'end', 'context': [<snowplow_tracker.self_describing_json.SelfDescribingJson object at 0x108feb920>, <snowplow_tracker.self_describing_json.SelfDescribingJson object at 0x108f8ad80>, <snowplow_tracker.self_describing_json.SelfDescribingJson object at 0x108c77fb0>]}
[0m08:34:13.211095 [debug] [MainThread]: Flushing usage events
[0m08:34:14.320690 [debug] [MainThread]: An error was encountered while trying to flush usage events
[0m08:37:21.535863 [debug] [MainThread]: Sending event: {'category': 'dbt', 'action': 'invocation', 'label': 'start', 'context': [<snowplow_tracker.self_describing_json.SelfDescribingJson object at 0x103fbacf0>, <snowplow_tracker.self_describing_json.SelfDescribingJson object at 0x105161040>, <snowplow_tracker.self_describing_json.SelfDescribingJson object at 0x105160da0>]}


============================== 08:37:21.538727 | b5973b76-64da-4b0a-894e-fca935954978 ==============================
[0m08:37:21.538727 [info ] [MainThread]: Running with dbt=1.11.6
[0m08:37:21.539002 [debug] [MainThread]: running dbt with arguments {'write_json': 'True', 'empty': 'False', 'partial_parse': 'True', 'static_parser': 'True', 'log_path': '/Users/rajarshiraychaudhuri/Documents/RajRayc_Git/healthcare_proj/logs', 'log_format': 'default', 'profiles_dir': '/Users/rajarshiraychaudhuri/Documents/RajRayc_Git/healthcare_proj', 'fail_fast': 'False', 'version_check': 'True', 'use_experimental_parser': 'False', 'introspect': 'True', 'use_colors': 'True', 'printer_width': '80', 'no_print': 'None', 'send_anonymous_usage_stats': 'True', 'debug': 'False', 'warn_error': 'None', 'indirect_selection': 'eager', 'cache_selected_only': 'False', 'log_cache_events': 'False', 'invocation_command': 'dbt build --target prod --profiles-dir /Users/rajarshiraychaudhuri/Documents/RajRayc_Git/healthcare_proj', 'warn_error_options': 'WarnErrorOptionsV2(error=[], warn=[], silence=[])', 'quiet': 'False', 'target_path': 'None'}
[0m08:37:21.705257 [debug] [MainThread]: Snowflake adapter: Setting snowflake.connector to ERROR (file logging only)
[0m08:37:21.705509 [debug] [MainThread]: Snowflake adapter: Setting botocore to ERROR (file logging only)
[0m08:37:21.705632 [debug] [MainThread]: Snowflake adapter: Setting boto3 to ERROR (file logging only)
[0m08:37:21.827981 [debug] [MainThread]: Sending event: {'category': 'dbt', 'action': 'project_id', 'label': 'b5973b76-64da-4b0a-894e-fca935954978', 'context': [<snowplow_tracker.self_describing_json.SelfDescribingJson object at 0x1051da450>]}
[0m08:37:21.859456 [debug] [MainThread]: Sending event: {'category': 'dbt', 'action': 'adapter_info', 'label': 'b5973b76-64da-4b0a-894e-fca935954978', 'context': [<snowplow_tracker.self_describing_json.SelfDescribingJson object at 0x102880200>]}
[0m08:37:21.860226 [info ] [MainThread]: Registered adapter: snowflake=1.11.6
[0m08:37:21.922090 [debug] [MainThread]: checksum: fda039cb47cdf0e627679f660a87812f9dc734dcd251ec88b5466764946323e4, vars: {}, profile: , target: prod, version: 1.11.6
[0m08:37:21.990016 [debug] [MainThread]: Partial parsing enabled: 0 files deleted, 0 files added, 1 files changed.
[0m08:37:21.990337 [debug] [MainThread]: Partial parsing: updated file: healthcare_proj://snapshots/snap_provider.sql
[0m08:37:22.118306 [debug] [MainThread]: Sending event: {'category': 'dbt', 'action': 'load_project', 'label': 'b5973b76-64da-4b0a-894e-fca935954978', 'context': [<snowplow_tracker.self_describing_json.SelfDescribingJson object at 0x1075ac2f0>]}
[0m08:37:22.159097 [debug] [MainThread]: Wrote artifact WritableManifest to /Users/rajarshiraychaudhuri/Documents/RajRayc_Git/healthcare_proj/target/manifest.json
[0m08:37:22.160466 [debug] [MainThread]: Wrote artifact SemanticManifest to /Users/rajarshiraychaudhuri/Documents/RajRayc_Git/healthcare_proj/target/semantic_manifest.json
[0m08:37:22.179093 [debug] [MainThread]: Sending event: {'category': 'dbt', 'action': 'resource_counts', 'label': 'b5973b76-64da-4b0a-894e-fca935954978', 'context': [<snowplow_tracker.self_describing_json.SelfDescribingJson object at 0x1074d8380>]}
[0m08:37:22.179375 [info ] [MainThread]: Found 8 models, 2 snapshots, 3 data tests, 6 sources, 542 macros
[0m08:37:22.180521 [info ] [MainThread]: 
[0m08:37:22.180675 [info ] [MainThread]: Concurrency: 8 threads (target='prod')
[0m08:37:22.180787 [info ] [MainThread]: 
[0m08:37:22.180987 [debug] [MainThread]: Acquiring new snowflake connection 'master'
[0m08:37:22.182923 [debug] [ThreadPool]: Acquiring new snowflake connection 'list_HEALTHCARE_DB'
[0m08:37:22.188549 [debug] [ThreadPool]: Acquiring new snowflake connection 'list_HEALTHCARE_DB'
[0m08:37:22.188797 [debug] [ThreadPool]: Acquiring new snowflake connection 'list_HEALTHCARE_DB'
[0m08:37:22.189733 [debug] [ThreadPool]: Acquiring new snowflake connection 'list_HEALTHCARE_DB'
[0m08:37:22.214915 [debug] [ThreadPool]: Using snowflake connection "list_HEALTHCARE_DB"
[0m08:37:22.215184 [debug] [ThreadPool]: Using snowflake connection "list_HEALTHCARE_DB"
[0m08:37:22.215392 [debug] [ThreadPool]: Using snowflake connection "list_HEALTHCARE_DB"
[0m08:37:22.215525 [debug] [ThreadPool]: On list_HEALTHCARE_DB: show terse schemas in database HEALTHCARE_DB
    limit 10000
/* {"app": "dbt", "dbt_version": "1.11.6", "profile_name": "healthcare_proj", "target_name": "prod", "connection_name": "list_HEALTHCARE_DB"} */
[0m08:37:22.215683 [debug] [ThreadPool]: Using snowflake connection "list_HEALTHCARE_DB"
[0m08:37:22.215818 [debug] [ThreadPool]: On list_HEALTHCARE_DB: show terse schemas in database HEALTHCARE_DB
    limit 10000
/* {"app": "dbt", "dbt_version": "1.11.6", "profile_name": "healthcare_proj", "target_name": "prod", "connection_name": "list_HEALTHCARE_DB"} */
[0m08:37:22.215959 [debug] [ThreadPool]: On list_HEALTHCARE_DB: show terse schemas in database HEALTHCARE_DB
    limit 10000
/* {"app": "dbt", "dbt_version": "1.11.6", "profile_name": "healthcare_proj", "target_name": "prod", "connection_name": "list_HEALTHCARE_DB"} */
[0m08:37:22.216079 [debug] [ThreadPool]: Opening a new connection, currently in state init
[0m08:37:22.216194 [debug] [ThreadPool]: On list_HEALTHCARE_DB: show terse schemas in database HEALTHCARE_DB
    limit 10000
/* {"app": "dbt", "dbt_version": "1.11.6", "profile_name": "healthcare_proj", "target_name": "prod", "connection_name": "list_HEALTHCARE_DB"} */
[0m08:37:22.216310 [debug] [ThreadPool]: Opening a new connection, currently in state init
[0m08:37:22.216420 [debug] [ThreadPool]: Opening a new connection, currently in state init
[0m08:37:22.216559 [debug] [ThreadPool]: Opening a new connection, currently in state init
[0m08:37:22.977724 [debug] [ThreadPool]: SQL status: SUCCESS 10 in 0.762 seconds
[0m08:37:22.978422 [debug] [ThreadPool]: SQL status: SUCCESS 10 in 0.762 seconds
[0m08:37:22.978843 [debug] [ThreadPool]: SQL status: SUCCESS 10 in 0.763 seconds
[0m08:37:22.980333 [debug] [ThreadPool]: SQL status: SUCCESS 10 in 0.764 seconds
[0m08:37:22.983613 [debug] [ThreadPool]: Re-using an available connection from the pool (formerly list_HEALTHCARE_DB, now list_HEALTHCARE_DB_snapshots)
[0m08:37:22.983899 [debug] [ThreadPool]: Re-using an available connection from the pool (formerly list_HEALTHCARE_DB, now list_HEALTHCARE_DB_STAGING_intermediate)
[0m08:37:22.990553 [debug] [ThreadPool]: Re-using an available connection from the pool (formerly list_HEALTHCARE_DB, now list_HEALTHCARE_DB_STAGING_staging)
[0m08:37:22.991979 [debug] [ThreadPool]: Using snowflake connection "list_HEALTHCARE_DB_snapshots"
[0m08:37:22.993500 [debug] [ThreadPool]: Using snowflake connection "list_HEALTHCARE_DB_STAGING_intermediate"
[0m08:37:22.993824 [debug] [ThreadPool]: Re-using an available connection from the pool (formerly list_HEALTHCARE_DB, now list_HEALTHCARE_DB_STAGING_marts)
[0m08:37:22.995313 [debug] [ThreadPool]: Using snowflake connection "list_HEALTHCARE_DB_STAGING_staging"
[0m08:37:22.995528 [debug] [ThreadPool]: On list_HEALTHCARE_DB_snapshots: show objects in HEALTHCARE_DB.snapshots
    limit 10000
    

/* {"app": "dbt", "dbt_version": "1.11.6", "profile_name": "healthcare_proj", "target_name": "prod", "connection_name": "list_HEALTHCARE_DB_snapshots"} */;
[0m08:37:22.995706 [debug] [ThreadPool]: On list_HEALTHCARE_DB_STAGING_intermediate: show objects in HEALTHCARE_DB.STAGING_intermediate
    limit 10000
    

/* {"app": "dbt", "dbt_version": "1.11.6", "profile_name": "healthcare_proj", "target_name": "prod", "connection_name": "list_HEALTHCARE_DB_STAGING_intermediate"} */;
[0m08:37:22.996805 [debug] [ThreadPool]: Using snowflake connection "list_HEALTHCARE_DB_STAGING_marts"
[0m08:37:22.996968 [debug] [ThreadPool]: On list_HEALTHCARE_DB_STAGING_staging: show objects in HEALTHCARE_DB.STAGING_staging
    limit 10000
    

/* {"app": "dbt", "dbt_version": "1.11.6", "profile_name": "healthcare_proj", "target_name": "prod", "connection_name": "list_HEALTHCARE_DB_STAGING_staging"} */;
[0m08:37:22.997866 [debug] [ThreadPool]: On list_HEALTHCARE_DB_STAGING_marts: show objects in HEALTHCARE_DB.STAGING_marts
    limit 10000
    

/* {"app": "dbt", "dbt_version": "1.11.6", "profile_name": "healthcare_proj", "target_name": "prod", "connection_name": "list_HEALTHCARE_DB_STAGING_marts"} */;
[0m08:37:23.051270 [debug] [ThreadPool]: SQL status: SUCCESS 1 in 0.054 seconds
[0m08:37:23.053554 [debug] [ThreadPool]: SQL status: SUCCESS 3 in 0.056 seconds
[0m08:37:23.054247 [debug] [ThreadPool]: SQL status: SUCCESS 3 in 0.056 seconds
[0m08:37:23.056982 [debug] [ThreadPool]: SQL status: SUCCESS 2 in 0.058 seconds
[0m08:37:23.058274 [debug] [MainThread]: Sending event: {'category': 'dbt', 'action': 'runnable_timing', 'label': 'b5973b76-64da-4b0a-894e-fca935954978', 'context': [<snowplow_tracker.self_describing_json.SelfDescribingJson object at 0x10774a270>]}
[0m08:37:23.061276 [debug] [Thread-2 (]: Began running node model.healthcare_proj.stg_claims
[0m08:37:23.061541 [debug] [Thread-3 (]: Began running node model.healthcare_proj.stg_encounters
[0m08:37:23.061748 [debug] [Thread-4 (]: Began running node model.healthcare_proj.stg_patients
[0m08:37:23.062033 [info ] [Thread-2 (]: 1 of 13 START sql view model STAGING_staging.stg_claims ........................ [RUN]
[0m08:37:23.062278 [debug] [Thread-5 (]: Began running node snapshot.healthcare_proj.snap_patient_insurance
[0m08:37:23.062534 [info ] [Thread-3 (]: 2 of 13 START sql view model STAGING_staging.stg_encounters .................... [RUN]
[0m08:37:23.063057 [info ] [Thread-4 (]: 3 of 13 START sql view model STAGING_staging.stg_patients ...................... [RUN]
[0m08:37:23.063295 [debug] [Thread-6 (]: Began running node snapshot.healthcare_proj.snap_provider
[0m08:37:23.063534 [debug] [Thread-2 (]: Re-using an available connection from the pool (formerly list_HEALTHCARE_DB_snapshots, now model.healthcare_proj.stg_claims)
[0m08:37:23.063804 [info ] [Thread-5 (]: 4 of 13 START snapshot snapshots.snap_patient_insurance ........................ [RUN]
[0m08:37:23.064018 [debug] [Thread-3 (]: Re-using an available connection from the pool (formerly list_HEALTHCARE_DB_STAGING_intermediate, now model.healthcare_proj.stg_encounters)
[0m08:37:23.064199 [debug] [Thread-4 (]: Re-using an available connection from the pool (formerly list_HEALTHCARE_DB_STAGING_staging, now model.healthcare_proj.stg_patients)
[0m08:37:23.064429 [info ] [Thread-6 (]: 5 of 13 START snapshot snapshots.snap_provider ................................. [RUN]
[0m08:37:23.064629 [debug] [Thread-2 (]: Began compiling node model.healthcare_proj.stg_claims
[0m08:37:23.064803 [debug] [Thread-5 (]: Re-using an available connection from the pool (formerly list_HEALTHCARE_DB_STAGING_marts, now snapshot.healthcare_proj.snap_patient_insurance)
[0m08:37:23.064981 [debug] [Thread-3 (]: Began compiling node model.healthcare_proj.stg_encounters
[0m08:37:23.065147 [debug] [Thread-4 (]: Began compiling node model.healthcare_proj.stg_patients
[0m08:37:23.065362 [debug] [Thread-6 (]: Acquiring new snowflake connection 'snapshot.healthcare_proj.snap_provider'
[0m08:37:23.070903 [debug] [Thread-2 (]: Writing injected SQL for node "model.healthcare_proj.stg_claims"
[0m08:37:23.071175 [debug] [Thread-5 (]: Began compiling node snapshot.healthcare_proj.snap_patient_insurance
[0m08:37:23.072613 [debug] [Thread-3 (]: Writing injected SQL for node "model.healthcare_proj.stg_encounters"
[0m08:37:23.073985 [debug] [Thread-4 (]: Writing injected SQL for node "model.healthcare_proj.stg_patients"
[0m08:37:23.074168 [debug] [Thread-6 (]: Began compiling node snapshot.healthcare_proj.snap_provider
[0m08:37:23.075903 [debug] [Thread-5 (]: Began executing node snapshot.healthcare_proj.snap_patient_insurance
[0m08:37:23.077719 [debug] [Thread-6 (]: Began executing node snapshot.healthcare_proj.snap_provider
[0m08:37:23.119023 [debug] [Thread-6 (]: Using snowflake connection "snapshot.healthcare_proj.snap_provider"
[0m08:37:23.119392 [debug] [Thread-3 (]: Began executing node model.healthcare_proj.stg_encounters
[0m08:37:23.120879 [debug] [Thread-5 (]: Using snowflake connection "snapshot.healthcare_proj.snap_patient_insurance"
[0m08:37:23.121085 [debug] [Thread-6 (]: On snapshot.healthcare_proj.snap_provider: select * from (
        
    

    select *,
        md5(coalesce(cast(provider_id as varchar ), '')
         || '|' || coalesce(cast(updated_at as varchar ), '')
        ) as dbt_scd_id,
        updated_at as dbt_updated_at,
        updated_at as dbt_valid_from,
        
  
  coalesce(nullif(updated_at, updated_at), null)
  as dbt_valid_to
from (
        


select
provider_id,
name,
specialty
from
HEALTHCARE_DB.RAW.providers
    ) sbq



    ) as __dbt_sbq
    where false
    limit 0
/* {"app": "dbt", "dbt_version": "1.11.6", "profile_name": "healthcare_proj", "target_name": "prod", "node_id": "snapshot.healthcare_proj.snap_provider"} */
/* {"app": "dbt", "dbt_version": "1.11.6", "profile_name": "healthcare_proj", "target_name": "prod", "node_id": "snapshot.healthcare_proj.snap_provider"} */
[0m08:37:23.121301 [debug] [Thread-4 (]: Began executing node model.healthcare_proj.stg_patients
[0m08:37:23.121477 [debug] [Thread-2 (]: Began executing node model.healthcare_proj.stg_claims
[0m08:37:23.187999 [debug] [Thread-3 (]: Writing runtime sql for node "model.healthcare_proj.stg_encounters"
[0m08:37:23.188250 [debug] [Thread-5 (]: On snapshot.healthcare_proj.snap_patient_insurance: select * from (
        select insurance_id from (
                


select 
patient_id,
insurance_id,
insurance_type
from
HEALTHCARE_DB.RAW.patients
            ) subq
    ) as __dbt_sbq
    where false
    limit 0
/* {"app": "dbt", "dbt_version": "1.11.6", "profile_name": "healthcare_proj", "target_name": "prod", "node_id": "snapshot.healthcare_proj.snap_patient_insurance"} */
[0m08:37:23.188433 [debug] [Thread-6 (]: Opening a new connection, currently in state init
[0m08:37:23.189668 [debug] [Thread-4 (]: Writing runtime sql for node "model.healthcare_proj.stg_patients"
[0m08:37:23.190579 [debug] [Thread-2 (]: Writing runtime sql for node "model.healthcare_proj.stg_claims"
[0m08:37:23.191897 [debug] [Thread-3 (]: Using snowflake connection "model.healthcare_proj.stg_encounters"
[0m08:37:23.192226 [debug] [Thread-3 (]: On model.healthcare_proj.stg_encounters: create or replace   view HEALTHCARE_DB.STAGING_staging.stg_encounters
  
  
  
  
  as (
    with source as (
    select * from HEALTHCARE_DB.RAW.encounters
),
cleaned as (
    select 
        --ids
        encounter_id,
        patient_id,
        provider_id,
        facility_id,
        initcap(trim(encounter_type)) as encounter_type,
        --date validations
        encounter_date,
        discharge_date,
        case when discharge_date is not null and discharge_date> encounter_date then true else false end as valid_stay,
        discharge_disposition
    from source
)
select * from cleaned
  )
/* {"app": "dbt", "dbt_version": "1.11.6", "profile_name": "healthcare_proj", "target_name": "prod", "node_id": "model.healthcare_proj.stg_encounters"} */;
[0m08:37:23.192925 [debug] [Thread-4 (]: Using snowflake connection "model.healthcare_proj.stg_patients"
[0m08:37:23.193295 [debug] [Thread-4 (]: On model.healthcare_proj.stg_patients: create or replace   view HEALTHCARE_DB.STAGING_staging.stg_patients
  
  
  
  
  as (
    with source as (
    select * from HEALTHCARE_DB.RAW.patients
)
,
cleaned as (
    select 
        patient_id,
        --name cleaning
        initcap(trim(first_name)) as first_name,
        initcap(trim(last_name)) as last_name,
        initcap(trim(first_name)) || ' ' || initcap(trim(last_name)) as full_name,
        dob as dateofbirth,
        floor(datediff(day, dob, current_date()) / 365.25) as current_age,
        case
        when floor(datediff(day, dob, current_date()) / 365.25) < 18 then 'Child'
        when floor(datediff(day, dob, current_date()) / 365.25) between 18 and 64 then 'Adult'
        else 'Senior'
        end as age_group,
        upper(trim(gender)) as gender,
        trim(race) as race,
        trim(ethnicity) as ethnicity,
        zip_code,
        upper(state) as state,
        insurance_type,
        insurance_id,
        pcp_provider_id
    from source
)

select * from cleaned
  )
/* {"app": "dbt", "dbt_version": "1.11.6", "profile_name": "healthcare_proj", "target_name": "prod", "node_id": "model.healthcare_proj.stg_patients"} */;
[0m08:37:23.193928 [debug] [Thread-2 (]: Using snowflake connection "model.healthcare_proj.stg_claims"
[0m08:37:23.244982 [debug] [Thread-2 (]: On model.healthcare_proj.stg_claims: create or replace   view HEALTHCARE_DB.STAGING_staging.stg_claims
  
  
  
  
  as (
    with source as(
    select * from HEALTHCARE_DB.RAW.claims
),
cleaned as (
    select
        claim_id,
        patient_id,
        encounter_id,
        payer_id,
        initcap(trim(claim_type)) as claim_type,
        submitted_date,
        paid_date
        --financial data
        billed_amount,
        paid_amount,
        allowed_amount,
        --claim status
        initcap(trim(claim_status)) as claim_status
        from source
)
select * from cleaned
  )
/* {"app": "dbt", "dbt_version": "1.11.6", "profile_name": "healthcare_proj", "target_name": "prod", "node_id": "model.healthcare_proj.stg_claims"} */;
[0m08:37:23.245604 [debug] [Thread-5 (]: SQL status: SUCCESS 0 in 0.055 seconds
[0m08:37:23.249585 [debug] [Thread-5 (]: Using snowflake connection "snapshot.healthcare_proj.snap_patient_insurance"
[0m08:37:23.249934 [debug] [Thread-5 (]: On snapshot.healthcare_proj.snap_patient_insurance: describe table "HEALTHCARE_DB"."SNAPSHOTS"."SNAP_PATIENT_INSURANCE"
/* {"app": "dbt", "dbt_version": "1.11.6", "profile_name": "healthcare_proj", "target_name": "prod", "node_id": "snapshot.healthcare_proj.snap_patient_insurance"} */
[0m08:37:23.285542 [debug] [Thread-5 (]: SQL status: SUCCESS 7 in 0.035 seconds
[0m08:37:23.287649 [debug] [Thread-5 (]: Using snowflake connection "snapshot.healthcare_proj.snap_patient_insurance"
[0m08:37:23.287846 [debug] [Thread-5 (]: On snapshot.healthcare_proj.snap_patient_insurance: describe table "HEALTHCARE_DB"."SNAPSHOTS"."SNAP_PATIENT_INSURANCE"
/* {"app": "dbt", "dbt_version": "1.11.6", "profile_name": "healthcare_proj", "target_name": "prod", "node_id": "snapshot.healthcare_proj.snap_patient_insurance"} */
[0m08:37:23.325069 [debug] [Thread-5 (]: SQL status: SUCCESS 7 in 0.037 seconds
[0m08:37:23.343499 [debug] [Thread-5 (]: Using snowflake connection "snapshot.healthcare_proj.snap_patient_insurance"
[0m08:37:23.343956 [debug] [Thread-5 (]: On snapshot.healthcare_proj.snap_patient_insurance: create or replace temporary table "HEALTHCARE_DB"."SNAPSHOTS"."SNAP_PATIENT_INSURANCE__dbt_tmp"
as (
    
    
    with snapshot_query as (

        


select 
patient_id,
insurance_id,
insurance_type
from
HEALTHCARE_DB.RAW.patients

    ),

    snapshotted_data as (

        select *, 
    
        patient_id as dbt_unique_key
    

        from "HEALTHCARE_DB"."SNAPSHOTS"."SNAP_PATIENT_INSURANCE"
        where
            
                dbt_valid_to is null
            

    ),

    insertions_source_data as (

        select *, 
    
        patient_id as dbt_unique_key
    
,
            to_timestamp_ntz(convert_timezone('UTC', current_timestamp())) as dbt_updated_at,
            to_timestamp_ntz(convert_timezone('UTC', current_timestamp())) as dbt_valid_from,
            
  
  coalesce(nullif(to_timestamp_ntz(convert_timezone('UTC', current_timestamp())), to_timestamp_ntz(convert_timezone('UTC', current_timestamp()))), null)
  as dbt_valid_to
,
            md5(coalesce(cast(patient_id as varchar ), '')
         || '|' || coalesce(cast(to_timestamp_ntz(convert_timezone('UTC', current_timestamp())) as varchar ), '')
        ) as dbt_scd_id

        from snapshot_query
    ),

    updates_source_data as (

        select *, 
    
        patient_id as dbt_unique_key
    
,
            to_timestamp_ntz(convert_timezone('UTC', current_timestamp())) as dbt_updated_at,
            to_timestamp_ntz(convert_timezone('UTC', current_timestamp())) as dbt_valid_from,
            to_timestamp_ntz(convert_timezone('UTC', current_timestamp())) as dbt_valid_to

        from snapshot_query
    ),

    insertions as (

        select
            'insert' as dbt_change_type,
            source_data.*

        from insertions_source_data as source_data
        left outer join snapshotted_data
            on 
    
        snapshotted_data.dbt_unique_key = source_data.dbt_unique_key
    

            where 
    
        snapshotted_data.dbt_unique_key is null
    

            or (
    
        snapshotted_data.dbt_unique_key is not null
    
 and (
               (snapshotted_data."INSURANCE_ID" != source_data."INSURANCE_ID"
        or
        (
            ((snapshotted_data."INSURANCE_ID" is null) and not (source_data."INSURANCE_ID" is null))
            or
            ((not snapshotted_data."INSURANCE_ID" is null) and (source_data."INSURANCE_ID" is null))
        ))
            )

        )

    ),

    updates as (

        select
            'update' as dbt_change_type,
            source_data.*,
            snapshotted_data.dbt_scd_id

        from updates_source_data as source_data
        join snapshotted_data
            on 
    
        snapshotted_data.dbt_unique_key = source_data.dbt_unique_key
    

        where (
            (snapshotted_data."INSURANCE_ID" != source_data."INSURANCE_ID"
        or
        (
            ((snapshotted_data."INSURANCE_ID" is null) and not (source_data."INSURANCE_ID" is null))
            or
            ((not snapshotted_data."INSURANCE_ID" is null) and (source_data."INSURANCE_ID" is null))
        ))
        )
    )

    select * from insertions
    union all
    select * from updates

    )

/* {"app": "dbt", "dbt_version": "1.11.6", "profile_name": "healthcare_proj", "target_name": "prod", "node_id": "snapshot.healthcare_proj.snap_patient_insurance"} */;
[0m08:37:23.370923 [debug] [Thread-3 (]: SQL status: SUCCESS 1 in 0.178 seconds
[0m08:37:23.371303 [debug] [Thread-2 (]: SQL status: SUCCESS 1 in 0.126 seconds
[0m08:37:23.384368 [debug] [Thread-4 (]: SQL status: SUCCESS 1 in 0.140 seconds
[0m08:37:23.386073 [debug] [Thread-3 (]: Sending event: {'category': 'dbt', 'action': 'run_model', 'label': 'b5973b76-64da-4b0a-894e-fca935954978', 'context': [<snowplow_tracker.self_describing_json.SelfDescribingJson object at 0x1043ac6e0>]}
[0m08:37:23.386373 [debug] [Thread-2 (]: Sending event: {'category': 'dbt', 'action': 'run_model', 'label': 'b5973b76-64da-4b0a-894e-fca935954978', 'context': [<snowplow_tracker.self_describing_json.SelfDescribingJson object at 0x106e5d940>]}
[0m08:37:23.386697 [info ] [Thread-3 (]: 2 of 13 OK created sql view model STAGING_staging.stg_encounters ............... [[32mSUCCESS 1[0m in 0.32s]
[0m08:37:23.386918 [debug] [Thread-4 (]: Sending event: {'category': 'dbt', 'action': 'run_model', 'label': 'b5973b76-64da-4b0a-894e-fca935954978', 'context': [<snowplow_tracker.self_describing_json.SelfDescribingJson object at 0x106e5d760>]}
[0m08:37:23.387146 [info ] [Thread-2 (]: 1 of 13 OK created sql view model STAGING_staging.stg_claims ................... [[32mSUCCESS 1[0m in 0.32s]
[0m08:37:23.387461 [debug] [Thread-3 (]: Finished running node model.healthcare_proj.stg_encounters
[0m08:37:23.387727 [info ] [Thread-4 (]: 3 of 13 OK created sql view model STAGING_staging.stg_patients ................. [[32mSUCCESS 1[0m in 0.32s]
[0m08:37:23.388028 [debug] [Thread-2 (]: Finished running node model.healthcare_proj.stg_claims
[0m08:37:23.388351 [debug] [Thread-4 (]: Finished running node model.healthcare_proj.stg_patients
[0m08:37:23.388500 [debug] [Thread-8 (]: Began running node model.healthcare_proj.fact_encounters
[0m08:37:23.388696 [debug] [Thread-9 (]: Began running node model.healthcare_proj.int_churn_metrics
[0m08:37:23.388991 [info ] [Thread-8 (]: 6 of 13 START sql incremental model STAGING_marts.fact_encounters .............. [RUN]
[0m08:37:23.389155 [debug] [Thread-3 (]: Began running node test.healthcare_proj.accepted_values_stg_patients_gender__M__F__O.8592a557cd
[0m08:37:23.389314 [info ] [Thread-9 (]: 7 of 13 START sql view model STAGING_intermediate.int_churn_metrics ............ [RUN]
[0m08:37:23.389462 [debug] [Thread-2 (]: Began running node test.healthcare_proj.not_null_stg_patients_patient_id.e578180344
[0m08:37:23.389661 [debug] [Thread-8 (]: Acquiring new snowflake connection 'model.healthcare_proj.fact_encounters'
[0m08:37:23.389791 [debug] [Thread-7 (]: Began running node test.healthcare_proj.unique_stg_patients_patient_id.8907d3ccf0
[0m08:37:23.389934 [info ] [Thread-3 (]: 8 of 13 START test accepted_values_stg_patients_gender__M__F__O ................ [RUN]
[0m08:37:23.390105 [debug] [Thread-9 (]: Acquiring new snowflake connection 'model.healthcare_proj.int_churn_metrics'
[0m08:37:23.390255 [info ] [Thread-2 (]: 9 of 13 START test not_null_stg_patients_patient_id ............................ [RUN]
[0m08:37:23.390408 [debug] [Thread-8 (]: Began compiling node model.healthcare_proj.fact_encounters
[0m08:37:23.390528 [info ] [Thread-7 (]: 10 of 13 START test unique_stg_patients_patient_id ............................. [RUN]
[0m08:37:23.390678 [debug] [Thread-3 (]: Re-using an available connection from the pool (formerly model.healthcare_proj.stg_encounters, now test.healthcare_proj.accepted_values_stg_patients_gender__M__F__O.8592a557cd)
[0m08:37:23.390801 [debug] [Thread-9 (]: Began compiling node model.healthcare_proj.int_churn_metrics
[0m08:37:23.390922 [debug] [Thread-2 (]: Re-using an available connection from the pool (formerly model.healthcare_proj.stg_claims, now test.healthcare_proj.not_null_stg_patients_patient_id.e578180344)
[0m08:37:23.395150 [debug] [Thread-8 (]: Writing injected SQL for node "model.healthcare_proj.fact_encounters"
[0m08:37:23.395383 [debug] [Thread-7 (]: Acquiring new snowflake connection 'test.healthcare_proj.unique_stg_patients_patient_id.8907d3ccf0'
[0m08:37:23.395519 [debug] [Thread-3 (]: Began compiling node test.healthcare_proj.accepted_values_stg_patients_gender__M__F__O.8592a557cd
[0m08:37:23.396606 [debug] [Thread-9 (]: Writing injected SQL for node "model.healthcare_proj.int_churn_metrics"
[0m08:37:23.396744 [debug] [Thread-2 (]: Began compiling node test.healthcare_proj.not_null_stg_patients_patient_id.e578180344
[0m08:37:23.396929 [debug] [Thread-7 (]: Began compiling node test.healthcare_proj.unique_stg_patients_patient_id.8907d3ccf0
[0m08:37:23.401314 [debug] [Thread-3 (]: Writing injected SQL for node "test.healthcare_proj.accepted_values_stg_patients_gender__M__F__O.8592a557cd"
[0m08:37:23.404865 [debug] [Thread-2 (]: Writing injected SQL for node "test.healthcare_proj.not_null_stg_patients_patient_id.e578180344"
[0m08:37:23.407267 [debug] [Thread-7 (]: Writing injected SQL for node "test.healthcare_proj.unique_stg_patients_patient_id.8907d3ccf0"
[0m08:37:23.407458 [debug] [Thread-8 (]: Began executing node model.healthcare_proj.fact_encounters
[0m08:37:23.407645 [debug] [Thread-9 (]: Began executing node model.healthcare_proj.int_churn_metrics
[0m08:37:23.420456 [debug] [Thread-3 (]: Began executing node test.healthcare_proj.accepted_values_stg_patients_gender__M__F__O.8592a557cd
[0m08:37:23.426301 [debug] [Thread-8 (]: Using snowflake connection "model.healthcare_proj.fact_encounters"
[0m08:37:23.427783 [debug] [Thread-9 (]: Writing runtime sql for node "model.healthcare_proj.int_churn_metrics"
[0m08:37:23.427975 [debug] [Thread-7 (]: Began executing node test.healthcare_proj.unique_stg_patients_patient_id.8907d3ccf0
[0m08:37:23.434677 [debug] [Thread-2 (]: Began executing node test.healthcare_proj.not_null_stg_patients_patient_id.e578180344
[0m08:37:23.434878 [debug] [Thread-8 (]: On model.healthcare_proj.fact_encounters: create or replace  temporary view HEALTHCARE_DB.STAGING_marts.fact_encounters__dbt_tmp
  
  
  
  
  as (
    

with encounters as(
    select *
    from HEALTHCARE_DB.STAGING_staging.stg_encounters
),
dx as (
    select *
    from HEALTHCARE_DB.RAW.diagnoses
),
mds as (
    select *
    from HEALTHCARE_DB.RAW.medications
),
pivots as
(
    --diagnoses
    select
    encounter_id,
    count(*) as diagnosis_count,
    max(case when icd10_code like 'I%' then 1 else 0 end) as has_cardiovascular_dx,
    max(case when icd10_code like 'J%' then 1 else 0 end) as has_respiratory_dx,
    count(distinct medication_id) as distinct_medication_count
    from dx
    left join mds using(encounter_id)
    group by encounter_id
)
select 
    encounters.*,
    pivots.diagnosis_count,
    pivots.has_cardiovascular_dx,
    pivots.has_respiratory_dx,
    pivots.distinct_medication_count
from encounters
left join pivots using(encounter_id)


  where encounters.encounter_date > (select max(encounter_date) from HEALTHCARE_DB.STAGING_marts.fact_encounters)

  )
/* {"app": "dbt", "dbt_version": "1.11.6", "profile_name": "healthcare_proj", "target_name": "prod", "node_id": "model.healthcare_proj.fact_encounters"} */;
[0m08:37:23.437345 [debug] [Thread-3 (]: Writing runtime sql for node "test.healthcare_proj.accepted_values_stg_patients_gender__M__F__O.8592a557cd"
[0m08:37:23.438716 [debug] [Thread-7 (]: Writing runtime sql for node "test.healthcare_proj.unique_stg_patients_patient_id.8907d3ccf0"
[0m08:37:23.439710 [debug] [Thread-2 (]: Writing runtime sql for node "test.healthcare_proj.not_null_stg_patients_patient_id.e578180344"
[0m08:37:23.439878 [debug] [Thread-8 (]: Opening a new connection, currently in state init
[0m08:37:23.440791 [debug] [Thread-9 (]: Using snowflake connection "model.healthcare_proj.int_churn_metrics"
[0m08:37:23.440986 [debug] [Thread-9 (]: On model.healthcare_proj.int_churn_metrics: create or replace   view HEALTHCARE_DB.STAGING_intermediate.int_churn_metrics
  
  
  
  
  as (
    with encounters as(
    select *
    from HEALTHCARE_DB.STAGING_staging.stg_encounters
),
latest_activity as (
    select
        patient_id,
        max(encounter_date) as last_encounter_date,
        max(discharge_date) as last_discharge_date,
        count(*) as total_encounters,
        count(distinct(encounter_type)) as distinct_encounter_types,
        count(distinct(provider_id)) as distinct_providers,
        max(encounter_type) as most_recent_encounter_type
    from encounters
    group by patient_id
),

--churn metrics
churn_metrics as (
    select
        patient_id,
        last_encounter_date,
        last_discharge_date,
        total_encounters,
        distinct_encounter_types,
        distinct_providers,
        most_recent_encounter_type,
        case
            when last_encounter_date < dateadd(month, -6, current_date()) then 'Churned/Inactive'
            when last_encounter_date >= dateadd(month, -6, current_date()) and last_encounter_date < dateadd(month, -3, current_date()) then 'At Risk'
            else 'Active'
        end as churn_status
        from latest_activity
)
select * from churn_metrics
  )
/* {"app": "dbt", "dbt_version": "1.11.6", "profile_name": "healthcare_proj", "target_name": "prod", "node_id": "model.healthcare_proj.int_churn_metrics"} */;
[0m08:37:23.441389 [debug] [Thread-7 (]: Using snowflake connection "test.healthcare_proj.unique_stg_patients_patient_id.8907d3ccf0"
[0m08:37:23.441537 [debug] [Thread-9 (]: Opening a new connection, currently in state init
[0m08:37:23.441866 [debug] [Thread-3 (]: Using snowflake connection "test.healthcare_proj.accepted_values_stg_patients_gender__M__F__O.8592a557cd"
[0m08:37:23.442066 [debug] [Thread-7 (]: On test.healthcare_proj.unique_stg_patients_patient_id.8907d3ccf0: select
      count(*) as failures,
      count(*) != 0 as should_warn,
      count(*) != 0 as should_error
    from (
      
    
  
    
    

select
    patient_id as unique_field,
    count(*) as n_records

from HEALTHCARE_DB.STAGING_staging.stg_patients
where patient_id is not null
group by patient_id
having count(*) > 1



  
  
      
    ) dbt_internal_test
/* {"app": "dbt", "dbt_version": "1.11.6", "profile_name": "healthcare_proj", "target_name": "prod", "node_id": "test.healthcare_proj.unique_stg_patients_patient_id.8907d3ccf0"} */
[0m08:37:23.491667 [debug] [Thread-3 (]: On test.healthcare_proj.accepted_values_stg_patients_gender__M__F__O.8592a557cd: select
      count(*) as failures,
      count(*) != 0 as should_warn,
      count(*) != 0 as should_error
    from (
      
    
  
    
    

with all_values as (

    select
        gender as value_field,
        count(*) as n_records

    from HEALTHCARE_DB.STAGING_staging.stg_patients
    group by gender

)

select *
from all_values
where value_field not in (
    'M','F','O'
)



  
  
      
    ) dbt_internal_test
/* {"app": "dbt", "dbt_version": "1.11.6", "profile_name": "healthcare_proj", "target_name": "prod", "node_id": "test.healthcare_proj.accepted_values_stg_patients_gender__M__F__O.8592a557cd"} */
[0m08:37:23.492108 [debug] [Thread-2 (]: Using snowflake connection "test.healthcare_proj.not_null_stg_patients_patient_id.e578180344"
[0m08:37:23.492384 [debug] [Thread-7 (]: Opening a new connection, currently in state init
[0m08:37:23.492794 [debug] [Thread-2 (]: On test.healthcare_proj.not_null_stg_patients_patient_id.e578180344: select
      count(*) as failures,
      count(*) != 0 as should_warn,
      count(*) != 0 as should_error
    from (
      
    
  
    
    



select patient_id
from HEALTHCARE_DB.STAGING_staging.stg_patients
where patient_id is null



  
  
      
    ) dbt_internal_test
/* {"app": "dbt", "dbt_version": "1.11.6", "profile_name": "healthcare_proj", "target_name": "prod", "node_id": "test.healthcare_proj.not_null_stg_patients_patient_id.e578180344"} */
[0m08:37:23.544412 [debug] [Thread-6 (]: Snowflake adapter: Snowflake query id: 01c669d5-0000-a2fc-0000-11fd0001c05a
[0m08:37:23.544776 [debug] [Thread-6 (]: Snowflake adapter: Snowflake error: 000904 (42000): SQL compilation error: error line 21 at position 0
invalid identifier 'NAME'
[0m08:37:23.609475 [debug] [Thread-6 (]: Database Error in snapshot snap_provider (snapshots/snap_provider.sql)
  000904 (42000): SQL compilation error: error line 21 at position 0
  invalid identifier 'NAME'
[0m08:37:23.609818 [debug] [Thread-6 (]: Sending event: {'category': 'dbt', 'action': 'run_model', 'label': 'b5973b76-64da-4b0a-894e-fca935954978', 'context': [<snowplow_tracker.self_describing_json.SelfDescribingJson object at 0x107d80da0>]}
[0m08:37:23.610312 [error] [Thread-6 (]: 5 of 13 ERROR snapshotting snapshots.snap_provider ............................. [[31mERROR[0m in 0.54s]
[0m08:37:23.611194 [debug] [Thread-6 (]: Finished running node snapshot.healthcare_proj.snap_provider
[0m08:37:23.611784 [debug] [Thread-12 ]: Marking all children of 'snapshot.healthcare_proj.snap_provider' to be skipped because of status 'error'.  Reason: Database Error in snapshot snap_provider (snapshots/snap_provider.sql)
  000904 (42000): SQL compilation error: error line 21 at position 0
  invalid identifier 'NAME'.
[0m08:37:23.831848 [debug] [Thread-2 (]: SQL status: SUCCESS 1 in 0.338 seconds
[0m08:37:23.834697 [info ] [Thread-2 (]: 9 of 13 PASS not_null_stg_patients_patient_id .................................. [[32mPASS[0m in 0.44s]
[0m08:37:23.835088 [debug] [Thread-2 (]: Finished running node test.healthcare_proj.not_null_stg_patients_patient_id.e578180344
[0m08:37:23.859279 [debug] [Thread-3 (]: SQL status: SUCCESS 1 in 0.367 seconds
[0m08:37:23.861096 [info ] [Thread-3 (]: 8 of 13 PASS accepted_values_stg_patients_gender__M__F__O ...................... [[32mPASS[0m in 0.47s]
[0m08:37:23.861521 [debug] [Thread-3 (]: Finished running node test.healthcare_proj.accepted_values_stg_patients_gender__M__F__O.8592a557cd
[0m08:37:23.885889 [debug] [Thread-7 (]: SQL status: SUCCESS 1 in 0.393 seconds
[0m08:37:23.887325 [info ] [Thread-7 (]: 10 of 13 PASS unique_stg_patients_patient_id ................................... [[32mPASS[0m in 0.49s]
[0m08:37:23.887703 [debug] [Thread-7 (]: Finished running node test.healthcare_proj.unique_stg_patients_patient_id.8907d3ccf0
[0m08:37:23.888089 [debug] [Thread-4 (]: Began running node model.healthcare_proj.int_patient_encounters
[0m08:37:23.888488 [info ] [Thread-4 (]: 11 of 13 START sql view model STAGING_intermediate.int_patient_encounters ...... [RUN]
[0m08:37:23.888801 [debug] [Thread-4 (]: Re-using an available connection from the pool (formerly model.healthcare_proj.stg_patients, now model.healthcare_proj.int_patient_encounters)
[0m08:37:23.889043 [debug] [Thread-4 (]: Began compiling node model.healthcare_proj.int_patient_encounters
[0m08:37:23.892149 [debug] [Thread-4 (]: Writing injected SQL for node "model.healthcare_proj.int_patient_encounters"
[0m08:37:23.892777 [debug] [Thread-4 (]: Began executing node model.healthcare_proj.int_patient_encounters
[0m08:37:23.894985 [debug] [Thread-4 (]: Writing runtime sql for node "model.healthcare_proj.int_patient_encounters"
[0m08:37:23.896244 [debug] [Thread-4 (]: Using snowflake connection "model.healthcare_proj.int_patient_encounters"
[0m08:37:23.896507 [debug] [Thread-4 (]: On model.healthcare_proj.int_patient_encounters: create or replace   view HEALTHCARE_DB.STAGING_intermediate.int_patient_encounters
  
  
  
  
  as (
    with patients as (
    select * from HEALTHCARE_DB.STAGING_staging.stg_patients
),
encounters as (
    select * from HEALTHCARE_DB.STAGING_staging.stg_encounters
),
diagnoses as (
    select * from HEALTHCARE_DB.RAW.diagnoses
),
providers as (
    select * from HEALTHCARE_DB.RAW.providers
),
joined as (
    select
        e.encounter_id,
        e.patient_id,
        e.provider_id,
        e.facility_id,
        e.encounter_type,
        e.encounter_date,
        e.discharge_date,
        e.discharge_disposition,

        --patient data
        full_name,
        gender,
        race,
        state,
        insurance_type

        --provider info
        provider_name,
        specialty,
        npi

    from encounters e
    left join patients p on e.patient_id=p.patient_id
    left join providers prov on p.pcp_provider_id=prov.provider_id

)

select * from joined
  )
/* {"app": "dbt", "dbt_version": "1.11.6", "profile_name": "healthcare_proj", "target_name": "prod", "node_id": "model.healthcare_proj.int_patient_encounters"} */;
[0m08:37:23.951255 [debug] [Thread-8 (]: SQL status: SUCCESS 1 in 0.511 seconds
[0m08:37:23.954241 [debug] [Thread-8 (]: Using snowflake connection "model.healthcare_proj.fact_encounters"
[0m08:37:23.954673 [debug] [Thread-8 (]: On model.healthcare_proj.fact_encounters: describe table HEALTHCARE_DB.STAGING_marts.fact_encounters__dbt_tmp
/* {"app": "dbt", "dbt_version": "1.11.6", "profile_name": "healthcare_proj", "target_name": "prod", "node_id": "model.healthcare_proj.fact_encounters"} */
[0m08:37:23.970281 [debug] [Thread-9 (]: SQL status: SUCCESS 1 in 0.529 seconds
[0m08:37:23.972222 [debug] [Thread-9 (]: Sending event: {'category': 'dbt', 'action': 'run_model', 'label': 'b5973b76-64da-4b0a-894e-fca935954978', 'context': [<snowplow_tracker.self_describing_json.SelfDescribingJson object at 0x107d80980>]}
[0m08:37:23.972746 [info ] [Thread-9 (]: 7 of 13 OK created sql view model STAGING_intermediate.int_churn_metrics ....... [[32mSUCCESS 1[0m in 0.58s]
[0m08:37:23.973171 [debug] [Thread-9 (]: Finished running node model.healthcare_proj.int_churn_metrics
[0m08:37:23.973595 [debug] [Thread-2 (]: Began running node model.healthcare_proj.dim_patient
[0m08:37:23.973963 [info ] [Thread-2 (]: 12 of 13 START sql table model STAGING_marts.dim_patient ....................... [RUN]
[0m08:37:23.974248 [debug] [Thread-2 (]: Re-using an available connection from the pool (formerly test.healthcare_proj.not_null_stg_patients_patient_id.e578180344, now model.healthcare_proj.dim_patient)
[0m08:37:23.974480 [debug] [Thread-2 (]: Began compiling node model.healthcare_proj.dim_patient
[0m08:37:23.976993 [debug] [Thread-2 (]: Writing injected SQL for node "model.healthcare_proj.dim_patient"
[0m08:37:23.977815 [debug] [Thread-2 (]: Began executing node model.healthcare_proj.dim_patient
[0m08:37:23.986174 [debug] [Thread-2 (]: Writing runtime sql for node "model.healthcare_proj.dim_patient"
[0m08:37:23.987549 [debug] [Thread-2 (]: Using snowflake connection "model.healthcare_proj.dim_patient"
[0m08:37:23.987825 [debug] [Thread-2 (]: On model.healthcare_proj.dim_patient: create or replace transient table HEALTHCARE_DB.STAGING_marts.dim_patient
    
    
    
    as (with patients as (
    select * from HEALTHCARE_DB.STAGING_staging.stg_patients
),
churm_metrics as (
    select * from HEALTHCARE_DB.STAGING_intermediate.int_churn_metrics
),
pivots as (
    select
    patient_id,
    max(case when encounter_type='Inpatient' then 1 else 0 end) as is_inpatient,
    max(case when encounter_type='Outpatient' then 1 else 0 end) as is_outpatient,
    max(case when encounter_type='Emergency' then 1 else 0 end) as is_emergency
    from HEALTHCARE_DB.STAGING_staging.stg_encounters
    group by patient_id
)
select
    patients.*,
    churm_metrics.last_encounter_date,
    churm_metrics.last_discharge_date,
    churm_metrics.total_encounters,
    churm_metrics.distinct_encounter_types,
    churm_metrics.distinct_providers,
    churm_metrics.most_recent_encounter_type
    ,churm_metrics.churn_status
    from patients
    left join churm_metrics on patients.patient_id=churm_metrics.patient_id
    left join pivots on patients.patient_id=pivots.patient_id
    )

/* {"app": "dbt", "dbt_version": "1.11.6", "profile_name": "healthcare_proj", "target_name": "prod", "node_id": "model.healthcare_proj.dim_patient"} */;
[0m08:37:23.988809 [debug] [Thread-5 (]: SQL status: SUCCESS 1 in 0.645 seconds
[0m08:37:23.990732 [debug] [Thread-5 (]: Using snowflake connection "snapshot.healthcare_proj.snap_patient_insurance"
[0m08:37:23.991004 [debug] [Thread-5 (]: On snapshot.healthcare_proj.snap_patient_insurance: describe table "HEALTHCARE_DB"."SNAPSHOTS"."SNAP_PATIENT_INSURANCE__dbt_tmp"
/* {"app": "dbt", "dbt_version": "1.11.6", "profile_name": "healthcare_proj", "target_name": "prod", "node_id": "snapshot.healthcare_proj.snap_patient_insurance"} */
[0m08:37:23.999571 [debug] [Thread-8 (]: SQL status: SUCCESS 13 in 0.045 seconds
[0m08:37:24.001952 [debug] [Thread-8 (]: Using snowflake connection "model.healthcare_proj.fact_encounters"
[0m08:37:24.002322 [debug] [Thread-8 (]: On model.healthcare_proj.fact_encounters: describe table HEALTHCARE_DB.STAGING_marts.fact_encounters
/* {"app": "dbt", "dbt_version": "1.11.6", "profile_name": "healthcare_proj", "target_name": "prod", "node_id": "model.healthcare_proj.fact_encounters"} */
[0m08:37:24.039804 [debug] [Thread-8 (]: SQL status: SUCCESS 13 in 0.037 seconds
[0m08:37:24.040438 [debug] [Thread-5 (]: SQL status: SUCCESS 9 in 0.049 seconds
[0m08:37:24.047090 [debug] [Thread-8 (]: Using snowflake connection "model.healthcare_proj.fact_encounters"
[0m08:37:24.049227 [debug] [Thread-5 (]: Using snowflake connection "snapshot.healthcare_proj.snap_patient_insurance"
[0m08:37:24.049500 [debug] [Thread-8 (]: On model.healthcare_proj.fact_encounters: describe table "HEALTHCARE_DB"."STAGING_MARTS"."FACT_ENCOUNTERS"
/* {"app": "dbt", "dbt_version": "1.11.6", "profile_name": "healthcare_proj", "target_name": "prod", "node_id": "model.healthcare_proj.fact_encounters"} */
[0m08:37:24.049735 [debug] [Thread-5 (]: On snapshot.healthcare_proj.snap_patient_insurance: describe table "HEALTHCARE_DB"."SNAPSHOTS"."SNAP_PATIENT_INSURANCE"
/* {"app": "dbt", "dbt_version": "1.11.6", "profile_name": "healthcare_proj", "target_name": "prod", "node_id": "snapshot.healthcare_proj.snap_patient_insurance"} */
[0m08:37:24.081925 [debug] [Thread-4 (]: SQL status: SUCCESS 1 in 0.185 seconds
[0m08:37:24.083591 [debug] [Thread-4 (]: Sending event: {'category': 'dbt', 'action': 'run_model', 'label': 'b5973b76-64da-4b0a-894e-fca935954978', 'context': [<snowplow_tracker.self_describing_json.SelfDescribingJson object at 0x107da1ac0>]}
[0m08:37:24.084028 [info ] [Thread-4 (]: 11 of 13 OK created sql view model STAGING_intermediate.int_patient_encounters . [[32mSUCCESS 1[0m in 0.19s]
[0m08:37:24.084629 [debug] [Thread-4 (]: Finished running node model.healthcare_proj.int_patient_encounters
[0m08:37:24.085228 [debug] [Thread-8 (]: SQL status: SUCCESS 13 in 0.035 seconds
[0m08:37:24.099803 [debug] [Thread-7 (]: Began running node model.healthcare_proj.int_patient_cohorts
[0m08:37:24.105801 [info ] [Thread-7 (]: 13 of 13 START sql view model STAGING_intermediate.int_patient_cohorts ......... [RUN]
[0m08:37:24.107666 [debug] [Thread-8 (]: Writing runtime sql for node "model.healthcare_proj.fact_encounters"
[0m08:37:24.107902 [debug] [Thread-7 (]: Re-using an available connection from the pool (formerly test.healthcare_proj.unique_stg_patients_patient_id.8907d3ccf0, now model.healthcare_proj.int_patient_cohorts)
[0m08:37:24.108368 [debug] [Thread-5 (]: SQL status: SUCCESS 7 in 0.058 seconds
[0m08:37:24.108603 [debug] [Thread-7 (]: Began compiling node model.healthcare_proj.int_patient_cohorts
[0m08:37:24.110832 [debug] [Thread-5 (]: Using snowflake connection "snapshot.healthcare_proj.snap_patient_insurance"
[0m08:37:24.112501 [debug] [Thread-7 (]: Writing injected SQL for node "model.healthcare_proj.int_patient_cohorts"
[0m08:37:24.112723 [debug] [Thread-5 (]: On snapshot.healthcare_proj.snap_patient_insurance: describe table "HEALTHCARE_DB"."SNAPSHOTS"."SNAP_PATIENT_INSURANCE__dbt_tmp"
/* {"app": "dbt", "dbt_version": "1.11.6", "profile_name": "healthcare_proj", "target_name": "prod", "node_id": "snapshot.healthcare_proj.snap_patient_insurance"} */
[0m08:37:24.113693 [debug] [Thread-8 (]: Using snowflake connection "model.healthcare_proj.fact_encounters"
[0m08:37:24.114136 [debug] [Thread-8 (]: On model.healthcare_proj.fact_encounters: -- back compat for old kwarg name
  
  begin
/* {"app": "dbt", "dbt_version": "1.11.6", "profile_name": "healthcare_proj", "target_name": "prod", "node_id": "model.healthcare_proj.fact_encounters"} */;
[0m08:37:24.114705 [debug] [Thread-7 (]: Began executing node model.healthcare_proj.int_patient_cohorts
[0m08:37:24.117253 [debug] [Thread-7 (]: Writing runtime sql for node "model.healthcare_proj.int_patient_cohorts"
[0m08:37:24.118596 [debug] [Thread-7 (]: Using snowflake connection "model.healthcare_proj.int_patient_cohorts"
[0m08:37:24.118806 [debug] [Thread-7 (]: On model.healthcare_proj.int_patient_cohorts: create or replace   view HEALTHCARE_DB.STAGING_intermediate.int_patient_cohorts
  
  
  
  
  as (
    with encounters as (
    select *
    from HEALTHCARE_DB.STAGING_intermediate.int_patient_encounters
),

--first encounter for each patient
first_encounters as (
    select
        patient_id,
        encounter_id,
        encounter_date,
        encounter_type,
        provider_id,
        provider_name,
        specialty
        from encounters
        qualify row_number() over(partition by patient_id order by encounter_date asc)=1
),
--Month activity windows
month_activity as (
    select
    patient_id,
    date_trunc('month', encounter_date) as month_start,
    max(encounter_date) as month_end,
    count(*) as encounter_count,
    count(distinct provider_id) as distinct_provider_count,
    max(encounter_type) as most_recent_encounter_type
    from encounters
    group by patient_id, date_trunc('month', encounter_date)
),

--Cohort summary
cohort_summary as (
    select
        patient_id,
        min(encounter_date) as first_encounter_date,
        max(encounter_date) as last_encounter_date,
        count(*) as total_encounters,
        count(distinct provider_id) as total_distinct_providers,
        max(encounter_type) as most_common_encounter_type
    from encounters
    group by patient_id
)
 select * from cohort_summary
  )
/* {"app": "dbt", "dbt_version": "1.11.6", "profile_name": "healthcare_proj", "target_name": "prod", "node_id": "model.healthcare_proj.int_patient_cohorts"} */;
[0m08:37:24.155716 [debug] [Thread-5 (]: SQL status: SUCCESS 9 in 0.043 seconds
[0m08:37:24.157960 [debug] [Thread-5 (]: Using snowflake connection "snapshot.healthcare_proj.snap_patient_insurance"
[0m08:37:24.158190 [debug] [Thread-5 (]: On snapshot.healthcare_proj.snap_patient_insurance: describe table "HEALTHCARE_DB"."SNAPSHOTS"."SNAP_PATIENT_INSURANCE"
/* {"app": "dbt", "dbt_version": "1.11.6", "profile_name": "healthcare_proj", "target_name": "prod", "node_id": "snapshot.healthcare_proj.snap_patient_insurance"} */
[0m08:37:24.169004 [debug] [Thread-8 (]: SQL status: SUCCESS 1 in 0.055 seconds
[0m08:37:24.169377 [debug] [Thread-8 (]: Using snowflake connection "model.healthcare_proj.fact_encounters"
[0m08:37:24.169632 [debug] [Thread-8 (]: On model.healthcare_proj.fact_encounters: merge into HEALTHCARE_DB.STAGING_marts.fact_encounters as DBT_INTERNAL_DEST
        using HEALTHCARE_DB.STAGING_marts.fact_encounters__dbt_tmp as DBT_INTERNAL_SOURCE
        on ((DBT_INTERNAL_SOURCE.encounter_id = DBT_INTERNAL_DEST.encounter_id))

    
    when matched then update set
        "ENCOUNTER_ID" = DBT_INTERNAL_SOURCE."ENCOUNTER_ID","PATIENT_ID" = DBT_INTERNAL_SOURCE."PATIENT_ID","PROVIDER_ID" = DBT_INTERNAL_SOURCE."PROVIDER_ID","FACILITY_ID" = DBT_INTERNAL_SOURCE."FACILITY_ID","ENCOUNTER_TYPE" = DBT_INTERNAL_SOURCE."ENCOUNTER_TYPE","ENCOUNTER_DATE" = DBT_INTERNAL_SOURCE."ENCOUNTER_DATE","DISCHARGE_DATE" = DBT_INTERNAL_SOURCE."DISCHARGE_DATE","VALID_STAY" = DBT_INTERNAL_SOURCE."VALID_STAY","DISCHARGE_DISPOSITION" = DBT_INTERNAL_SOURCE."DISCHARGE_DISPOSITION","DIAGNOSIS_COUNT" = DBT_INTERNAL_SOURCE."DIAGNOSIS_COUNT","HAS_CARDIOVASCULAR_DX" = DBT_INTERNAL_SOURCE."HAS_CARDIOVASCULAR_DX","HAS_RESPIRATORY_DX" = DBT_INTERNAL_SOURCE."HAS_RESPIRATORY_DX","DISTINCT_MEDICATION_COUNT" = DBT_INTERNAL_SOURCE."DISTINCT_MEDICATION_COUNT"
    

    when not matched then insert
        ("ENCOUNTER_ID", "PATIENT_ID", "PROVIDER_ID", "FACILITY_ID", "ENCOUNTER_TYPE", "ENCOUNTER_DATE", "DISCHARGE_DATE", "VALID_STAY", "DISCHARGE_DISPOSITION", "DIAGNOSIS_COUNT", "HAS_CARDIOVASCULAR_DX", "HAS_RESPIRATORY_DX", "DISTINCT_MEDICATION_COUNT")
    values
        ("ENCOUNTER_ID", "PATIENT_ID", "PROVIDER_ID", "FACILITY_ID", "ENCOUNTER_TYPE", "ENCOUNTER_DATE", "DISCHARGE_DATE", "VALID_STAY", "DISCHARGE_DISPOSITION", "DIAGNOSIS_COUNT", "HAS_CARDIOVASCULAR_DX", "HAS_RESPIRATORY_DX", "DISTINCT_MEDICATION_COUNT")


/* {"app": "dbt", "dbt_version": "1.11.6", "profile_name": "healthcare_proj", "target_name": "prod", "node_id": "model.healthcare_proj.fact_encounters"} */;
[0m08:37:24.192498 [debug] [Thread-5 (]: SQL status: SUCCESS 7 in 0.034 seconds
[0m08:37:24.197025 [debug] [Thread-5 (]: Using snowflake connection "snapshot.healthcare_proj.snap_patient_insurance"
[0m08:37:24.197296 [debug] [Thread-5 (]: On snapshot.healthcare_proj.snap_patient_insurance: describe table "HEALTHCARE_DB"."SNAPSHOTS"."SNAP_PATIENT_INSURANCE__dbt_tmp"
/* {"app": "dbt", "dbt_version": "1.11.6", "profile_name": "healthcare_proj", "target_name": "prod", "node_id": "snapshot.healthcare_proj.snap_patient_insurance"} */
[0m08:37:24.239364 [debug] [Thread-5 (]: SQL status: SUCCESS 9 in 0.042 seconds
[0m08:37:24.247615 [debug] [Thread-5 (]: Using snowflake connection "snapshot.healthcare_proj.snap_patient_insurance"
[0m08:37:24.248013 [debug] [Thread-5 (]: On snapshot.healthcare_proj.snap_patient_insurance: select * from (
        
    
    with snapshot_query as (

        


select 
patient_id,
insurance_id,
insurance_type
from
HEALTHCARE_DB.RAW.patients

    ),

    snapshotted_data as (

        select *, 
    
        patient_id as dbt_unique_key
    

        from "HEALTHCARE_DB"."SNAPSHOTS"."SNAP_PATIENT_INSURANCE"
        where
            
                dbt_valid_to is null
            

    ),

    insertions_source_data as (

        select *, 
    
        patient_id as dbt_unique_key
    
,
            to_timestamp_ntz(convert_timezone('UTC', current_timestamp())) as dbt_updated_at,
            to_timestamp_ntz(convert_timezone('UTC', current_timestamp())) as dbt_valid_from,
            
  
  coalesce(nullif(to_timestamp_ntz(convert_timezone('UTC', current_timestamp())), to_timestamp_ntz(convert_timezone('UTC', current_timestamp()))), null)
  as dbt_valid_to
,
            md5(coalesce(cast(patient_id as varchar ), '')
         || '|' || coalesce(cast(to_timestamp_ntz(convert_timezone('UTC', current_timestamp())) as varchar ), '')
        ) as dbt_scd_id

        from snapshot_query
    ),

    updates_source_data as (

        select *, 
    
        patient_id as dbt_unique_key
    
,
            to_timestamp_ntz(convert_timezone('UTC', current_timestamp())) as dbt_updated_at,
            to_timestamp_ntz(convert_timezone('UTC', current_timestamp())) as dbt_valid_from,
            to_timestamp_ntz(convert_timezone('UTC', current_timestamp())) as dbt_valid_to

        from snapshot_query
    ),

    insertions as (

        select
            'insert' as dbt_change_type,
            source_data.*

        from insertions_source_data as source_data
        left outer join snapshotted_data
            on 
    
        snapshotted_data.dbt_unique_key = source_data.dbt_unique_key
    

            where 
    
        snapshotted_data.dbt_unique_key is null
    

            or (
    
        snapshotted_data.dbt_unique_key is not null
    
 and (
               (snapshotted_data."INSURANCE_ID" != source_data."INSURANCE_ID"
        or
        (
            ((snapshotted_data."INSURANCE_ID" is null) and not (source_data."INSURANCE_ID" is null))
            or
            ((not snapshotted_data."INSURANCE_ID" is null) and (source_data."INSURANCE_ID" is null))
        ))
            )

        )

    ),

    updates as (

        select
            'update' as dbt_change_type,
            source_data.*,
            snapshotted_data.dbt_scd_id

        from updates_source_data as source_data
        join snapshotted_data
            on 
    
        snapshotted_data.dbt_unique_key = source_data.dbt_unique_key
    

        where (
            (snapshotted_data."INSURANCE_ID" != source_data."INSURANCE_ID"
        or
        (
            ((snapshotted_data."INSURANCE_ID" is null) and not (source_data."INSURANCE_ID" is null))
            or
            ((not snapshotted_data."INSURANCE_ID" is null) and (source_data."INSURANCE_ID" is null))
        ))
        )
    )

    select * from insertions
    union all
    select * from updates

    ) as __dbt_sbq
    where false
    limit 0
/* {"app": "dbt", "dbt_version": "1.11.6", "profile_name": "healthcare_proj", "target_name": "prod", "node_id": "snapshot.healthcare_proj.snap_patient_insurance"} */
/* {"app": "dbt", "dbt_version": "1.11.6", "profile_name": "healthcare_proj", "target_name": "prod", "node_id": "snapshot.healthcare_proj.snap_patient_insurance"} */
[0m08:37:24.383203 [debug] [Thread-5 (]: SQL status: SUCCESS 0 in 0.135 seconds
[0m08:37:24.388217 [debug] [Thread-5 (]: Using snowflake connection "snapshot.healthcare_proj.snap_patient_insurance"
[0m08:37:24.388704 [debug] [Thread-5 (]: On snapshot.healthcare_proj.snap_patient_insurance: select * from (
        select to_timestamp_ntz(convert_timezone('UTC', current_timestamp())) as dbt_snapshot_time
    ) as __dbt_sbq
    where false
    limit 0
/* {"app": "dbt", "dbt_version": "1.11.6", "profile_name": "healthcare_proj", "target_name": "prod", "node_id": "snapshot.healthcare_proj.snap_patient_insurance"} */
/* {"app": "dbt", "dbt_version": "1.11.6", "profile_name": "healthcare_proj", "target_name": "prod", "node_id": "snapshot.healthcare_proj.snap_patient_insurance"} */
[0m08:37:24.396861 [debug] [Thread-8 (]: SQL status: SUCCESS 0 in 0.227 seconds
[0m08:37:24.397391 [debug] [Thread-8 (]: Using snowflake connection "model.healthcare_proj.fact_encounters"
[0m08:37:24.397721 [debug] [Thread-8 (]: On model.healthcare_proj.fact_encounters: COMMIT
/* {"app": "dbt", "dbt_version": "1.11.6", "profile_name": "healthcare_proj", "target_name": "prod", "node_id": "model.healthcare_proj.fact_encounters"} */
[0m08:37:24.400473 [debug] [Thread-7 (]: SQL status: SUCCESS 1 in 0.281 seconds
[0m08:37:24.402637 [debug] [Thread-7 (]: Sending event: {'category': 'dbt', 'action': 'run_model', 'label': 'b5973b76-64da-4b0a-894e-fca935954978', 'context': [<snowplow_tracker.self_describing_json.SelfDescribingJson object at 0x107e96720>]}
[0m08:37:24.403254 [info ] [Thread-7 (]: 13 of 13 OK created sql view model STAGING_intermediate.int_patient_cohorts .... [[32mSUCCESS 1[0m in 0.29s]
[0m08:37:24.403716 [debug] [Thread-7 (]: Finished running node model.healthcare_proj.int_patient_cohorts
[0m08:37:24.425832 [debug] [Thread-5 (]: SQL status: SUCCESS 0 in 0.037 seconds
[0m08:37:24.426370 [debug] [Thread-5 (]: Writing runtime sql for node "snapshot.healthcare_proj.snap_patient_insurance"
[0m08:37:24.427603 [debug] [Thread-5 (]: Using snowflake connection "snapshot.healthcare_proj.snap_patient_insurance"
[0m08:37:24.427926 [debug] [Thread-5 (]: On snapshot.healthcare_proj.snap_patient_insurance: BEGIN
/* {"app": "dbt", "dbt_version": "1.11.6", "profile_name": "healthcare_proj", "target_name": "prod", "node_id": "snapshot.healthcare_proj.snap_patient_insurance"} */
[0m08:37:24.456791 [debug] [Thread-8 (]: SQL status: SUCCESS 1 in 0.059 seconds
[0m08:37:24.463903 [debug] [Thread-8 (]: Applying DROP to: HEALTHCARE_DB.STAGING_marts.fact_encounters__dbt_tmp
[0m08:37:24.468629 [debug] [Thread-8 (]: Using snowflake connection "model.healthcare_proj.fact_encounters"
[0m08:37:24.469115 [debug] [Thread-8 (]: On model.healthcare_proj.fact_encounters: drop view if exists HEALTHCARE_DB.STAGING_marts.fact_encounters__dbt_tmp cascade
/* {"app": "dbt", "dbt_version": "1.11.6", "profile_name": "healthcare_proj", "target_name": "prod", "node_id": "model.healthcare_proj.fact_encounters"} */
[0m08:37:24.475657 [debug] [Thread-5 (]: SQL status: SUCCESS 1 in 0.047 seconds
[0m08:37:24.475991 [debug] [Thread-5 (]: Using snowflake connection "snapshot.healthcare_proj.snap_patient_insurance"
[0m08:37:24.476271 [debug] [Thread-5 (]: On snapshot.healthcare_proj.snap_patient_insurance: merge into "HEALTHCARE_DB"."SNAPSHOTS"."SNAP_PATIENT_INSURANCE" as DBT_INTERNAL_DEST
    using "HEALTHCARE_DB"."SNAPSHOTS"."SNAP_PATIENT_INSURANCE__dbt_tmp" as DBT_INTERNAL_SOURCE
    on DBT_INTERNAL_SOURCE.dbt_scd_id = DBT_INTERNAL_DEST.dbt_scd_id

    when matched
     
       and DBT_INTERNAL_DEST.dbt_valid_to is null
     
     and DBT_INTERNAL_SOURCE.dbt_change_type in ('update', 'delete')
        then update
        set dbt_valid_to = DBT_INTERNAL_SOURCE.dbt_valid_to

    when not matched
     and DBT_INTERNAL_SOURCE.dbt_change_type = 'insert'
        then insert ("PATIENT_ID", "INSURANCE_ID", "INSURANCE_TYPE", "DBT_UPDATED_AT", "DBT_VALID_FROM", "DBT_VALID_TO", "DBT_SCD_ID")
        values ("PATIENT_ID", "INSURANCE_ID", "INSURANCE_TYPE", "DBT_UPDATED_AT", "DBT_VALID_FROM", "DBT_VALID_TO", "DBT_SCD_ID")


/* {"app": "dbt", "dbt_version": "1.11.6", "profile_name": "healthcare_proj", "target_name": "prod", "node_id": "snapshot.healthcare_proj.snap_patient_insurance"} */;
[0m08:37:24.542076 [debug] [Thread-8 (]: SQL status: SUCCESS 1 in 0.073 seconds
[0m08:37:24.544305 [debug] [Thread-8 (]: Sending event: {'category': 'dbt', 'action': 'run_model', 'label': 'b5973b76-64da-4b0a-894e-fca935954978', 'context': [<snowplow_tracker.self_describing_json.SelfDescribingJson object at 0x107707aa0>]}
[0m08:37:24.545162 [info ] [Thread-8 (]: 6 of 13 OK created sql incremental model STAGING_marts.fact_encounters ......... [[32mSUCCESS 0[0m in 1.15s]
[0m08:37:24.545732 [debug] [Thread-8 (]: Finished running node model.healthcare_proj.fact_encounters
[0m08:37:24.597475 [debug] [Thread-5 (]: SQL status: SUCCESS 0 in 0.121 seconds
[0m08:37:24.598219 [debug] [Thread-5 (]: Using snowflake connection "snapshot.healthcare_proj.snap_patient_insurance"
[0m08:37:24.598642 [debug] [Thread-5 (]: On snapshot.healthcare_proj.snap_patient_insurance: COMMIT
/* {"app": "dbt", "dbt_version": "1.11.6", "profile_name": "healthcare_proj", "target_name": "prod", "node_id": "snapshot.healthcare_proj.snap_patient_insurance"} */
[0m08:37:24.623692 [debug] [Thread-2 (]: SQL status: SUCCESS 8 in 0.635 seconds
[0m08:37:24.626423 [debug] [Thread-2 (]: Sending event: {'category': 'dbt', 'action': 'run_model', 'label': 'b5973b76-64da-4b0a-894e-fca935954978', 'context': [<snowplow_tracker.self_describing_json.SelfDescribingJson object at 0x1076e2630>]}
[0m08:37:24.627269 [info ] [Thread-2 (]: 12 of 13 OK created sql table model STAGING_marts.dim_patient .................. [[32mSUCCESS 8[0m in 0.65s]
[0m08:37:24.628127 [debug] [Thread-2 (]: Finished running node model.healthcare_proj.dim_patient
[0m08:37:24.657557 [debug] [Thread-5 (]: SQL status: SUCCESS 1 in 0.058 seconds
[0m08:37:24.662791 [debug] [Thread-5 (]: Sending event: {'category': 'dbt', 'action': 'run_model', 'label': 'b5973b76-64da-4b0a-894e-fca935954978', 'context': [<snowplow_tracker.self_describing_json.SelfDescribingJson object at 0x107a7b4a0>]}
[0m08:37:24.663625 [info ] [Thread-5 (]: 4 of 13 OK snapshotted snapshots.snap_patient_insurance ........................ [[32mSUCCESS 0[0m in 1.60s]
[0m08:37:24.664148 [debug] [Thread-5 (]: Finished running node snapshot.healthcare_proj.snap_patient_insurance
[0m08:37:24.665624 [debug] [MainThread]: Connection 'master' was properly closed.
[0m08:37:24.665941 [debug] [MainThread]: Connection 'model.healthcare_proj.dim_patient' was left open.
[0m08:37:24.666213 [debug] [MainThread]: On model.healthcare_proj.dim_patient: Close
[0m08:37:24.712142 [debug] [MainThread]: Connection 'test.healthcare_proj.accepted_values_stg_patients_gender__M__F__O.8592a557cd' was left open.
[0m08:37:24.712686 [debug] [MainThread]: On test.healthcare_proj.accepted_values_stg_patients_gender__M__F__O.8592a557cd: Close
[0m08:37:24.755646 [debug] [MainThread]: Connection 'model.healthcare_proj.int_patient_encounters' was left open.
[0m08:37:24.756142 [debug] [MainThread]: On model.healthcare_proj.int_patient_encounters: Close
[0m08:37:24.796598 [debug] [MainThread]: Connection 'snapshot.healthcare_proj.snap_patient_insurance' was left open.
[0m08:37:24.797067 [debug] [MainThread]: On snapshot.healthcare_proj.snap_patient_insurance: Close
[0m08:37:24.841233 [debug] [MainThread]: Connection 'snapshot.healthcare_proj.snap_provider' was left open.
[0m08:37:24.841700 [debug] [MainThread]: On snapshot.healthcare_proj.snap_provider: Close
[0m08:37:24.883738 [debug] [MainThread]: Connection 'model.healthcare_proj.fact_encounters' was left open.
[0m08:37:24.884123 [debug] [MainThread]: On model.healthcare_proj.fact_encounters: Close
[0m08:37:24.925990 [debug] [MainThread]: Connection 'model.healthcare_proj.int_churn_metrics' was left open.
[0m08:37:24.926395 [debug] [MainThread]: On model.healthcare_proj.int_churn_metrics: Close
[0m08:37:24.968308 [debug] [MainThread]: Connection 'model.healthcare_proj.int_patient_cohorts' was left open.
[0m08:37:24.968951 [debug] [MainThread]: On model.healthcare_proj.int_patient_cohorts: Close
[0m08:37:25.011712 [info ] [MainThread]: 
[0m08:37:25.012330 [info ] [MainThread]: Finished running 1 incremental model, 2 snapshots, 1 table model, 3 data tests, 6 view models in 0 hours 0 minutes and 2.83 seconds (2.83s).
[0m08:37:25.014413 [debug] [MainThread]: Command end result
[0m08:37:25.037503 [debug] [MainThread]: Wrote artifact WritableManifest to /Users/rajarshiraychaudhuri/Documents/RajRayc_Git/healthcare_proj/target/manifest.json
[0m08:37:25.038931 [debug] [MainThread]: Wrote artifact SemanticManifest to /Users/rajarshiraychaudhuri/Documents/RajRayc_Git/healthcare_proj/target/semantic_manifest.json
[0m08:37:25.042673 [debug] [MainThread]: Wrote artifact RunExecutionResult to /Users/rajarshiraychaudhuri/Documents/RajRayc_Git/healthcare_proj/target/run_results.json
[0m08:37:25.042846 [info ] [MainThread]: 
[0m08:37:25.043027 [info ] [MainThread]: [31mCompleted with 1 error, 0 partial successes, and 0 warnings:[0m
[0m08:37:25.043179 [info ] [MainThread]: 
[0m08:37:25.043367 [error] [MainThread]: [31mFailure in snapshot snap_provider (snapshots/snap_provider.sql)[0m
[0m08:37:25.043587 [error] [MainThread]:   Database Error in snapshot snap_provider (snapshots/snap_provider.sql)
  000904 (42000): SQL compilation error: error line 21 at position 0
  invalid identifier 'NAME'
[0m08:37:25.043922 [info ] [MainThread]: 
[0m08:37:25.044142 [info ] [MainThread]: Done. PASS=12 WARN=0 ERROR=1 SKIP=0 NO-OP=0 TOTAL=13
[0m08:37:25.047272 [debug] [MainThread]: Resource report: {"command_name": "build", "command_success": false, "command_wall_clock_time": 3.549689, "process_in_blocks": "0", "process_kernel_time": 0.294263, "process_mem_max_rss": "189841408", "process_out_blocks": "0", "process_user_time": 2.580015}
[0m08:37:25.047559 [debug] [MainThread]: Command `dbt build` failed at 08:37:25.047508 after 3.55 seconds
[0m08:37:25.047768 [debug] [MainThread]: Sending event: {'category': 'dbt', 'action': 'invocation', 'label': 'end', 'context': [<snowplow_tracker.self_describing_json.SelfDescribingJson object at 0x103fbacf0>, <snowplow_tracker.self_describing_json.SelfDescribingJson object at 0x1047030e0>, <snowplow_tracker.self_describing_json.SelfDescribingJson object at 0x104f0e6c0>]}
[0m08:37:25.047960 [debug] [MainThread]: Flushing usage events
[0m08:37:26.124129 [debug] [MainThread]: An error was encountered while trying to flush usage events
[0m08:42:56.695387 [debug] [MainThread]: Sending event: {'category': 'dbt', 'action': 'invocation', 'label': 'start', 'context': [<snowplow_tracker.self_describing_json.SelfDescribingJson object at 0x1057f25a0>, <snowplow_tracker.self_describing_json.SelfDescribingJson object at 0x1059fcfb0>, <snowplow_tracker.self_describing_json.SelfDescribingJson object at 0x1059fcd40>]}


============================== 08:42:56.698151 | 8d1b1a19-b0e4-4aa1-806b-604c3412d794 ==============================
[0m08:42:56.698151 [info ] [MainThread]: Running with dbt=1.11.6
[0m08:42:56.698414 [debug] [MainThread]: running dbt with arguments {'invocation_command': 'dbt build --target prod --profiles-dir /Users/rajarshiraychaudhuri/Documents/RajRayc_Git/healthcare_proj', 'send_anonymous_usage_stats': 'True', 'log_cache_events': 'False', 'printer_width': '80', 'log_format': 'default', 'debug': 'False', 'profiles_dir': '/Users/rajarshiraychaudhuri/Documents/RajRayc_Git/healthcare_proj', 'write_json': 'True', 'warn_error': 'None', 'log_path': '/Users/rajarshiraychaudhuri/Documents/RajRayc_Git/healthcare_proj/logs', 'version_check': 'True', 'quiet': 'False', 'use_colors': 'True', 'indirect_selection': 'eager', 'fail_fast': 'False', 'warn_error_options': 'WarnErrorOptionsV2(error=[], warn=[], silence=[])', 'introspect': 'True', 'cache_selected_only': 'False', 'static_parser': 'True', 'no_print': 'None', 'empty': 'False', 'partial_parse': 'True', 'target_path': 'None', 'use_experimental_parser': 'False'}
[0m08:42:56.892309 [debug] [MainThread]: Snowflake adapter: Setting snowflake.connector to ERROR (file logging only)
[0m08:42:56.892573 [debug] [MainThread]: Snowflake adapter: Setting botocore to ERROR (file logging only)
[0m08:42:56.892699 [debug] [MainThread]: Snowflake adapter: Setting boto3 to ERROR (file logging only)
[0m08:42:57.027305 [debug] [MainThread]: Sending event: {'category': 'dbt', 'action': 'project_id', 'label': '8d1b1a19-b0e4-4aa1-806b-604c3412d794', 'context': [<snowplow_tracker.self_describing_json.SelfDescribingJson object at 0x1059ae390>]}
[0m08:42:57.058652 [debug] [MainThread]: Sending event: {'category': 'dbt', 'action': 'adapter_info', 'label': '8d1b1a19-b0e4-4aa1-806b-604c3412d794', 'context': [<snowplow_tracker.self_describing_json.SelfDescribingJson object at 0x107499eb0>]}
[0m08:42:57.059353 [info ] [MainThread]: Registered adapter: snowflake=1.11.6
[0m08:42:57.123875 [debug] [MainThread]: checksum: fda039cb47cdf0e627679f660a87812f9dc734dcd251ec88b5466764946323e4, vars: {}, profile: , target: prod, version: 1.11.6
[0m08:42:57.172455 [info ] [MainThread]: Unable to do partial parsing because config vars, config profile, or config target have changed
[0m08:42:57.172708 [debug] [MainThread]: previous checksum: fda039cb47cdf0e627679f660a87812f9dc734dcd251ec88b5466764946323e4, current checksum: c8b6b59961f1a44cdae45abf5547d0e7461bf6d514dde67ea6b1b10a452c5f5b
[0m08:42:57.172862 [debug] [MainThread]: Sending event: {'category': 'dbt', 'action': 'partial_parser', 'label': '8d1b1a19-b0e4-4aa1-806b-604c3412d794', 'context': [<snowplow_tracker.self_describing_json.SelfDescribingJson object at 0x10530fc20>]}
[0m08:42:57.895292 [debug] [MainThread]: Sending event: {'category': 'dbt', 'action': 'load_project', 'label': '8d1b1a19-b0e4-4aa1-806b-604c3412d794', 'context': [<snowplow_tracker.self_describing_json.SelfDescribingJson object at 0x107e8efc0>]}
[0m08:42:57.934330 [debug] [MainThread]: Wrote artifact WritableManifest to /Users/rajarshiraychaudhuri/Documents/RajRayc_Git/healthcare_proj/target/manifest.json
[0m08:42:57.935909 [debug] [MainThread]: Wrote artifact SemanticManifest to /Users/rajarshiraychaudhuri/Documents/RajRayc_Git/healthcare_proj/target/semantic_manifest.json
[0m08:42:57.954623 [debug] [MainThread]: Sending event: {'category': 'dbt', 'action': 'resource_counts', 'label': '8d1b1a19-b0e4-4aa1-806b-604c3412d794', 'context': [<snowplow_tracker.self_describing_json.SelfDescribingJson object at 0x10804cc80>]}
[0m08:42:57.954869 [info ] [MainThread]: Found 8 models, 2 snapshots, 3 data tests, 6 sources, 542 macros
[0m08:42:57.955926 [info ] [MainThread]: 
[0m08:42:57.956055 [info ] [MainThread]: Concurrency: 8 threads (target='prod')
[0m08:42:57.956165 [info ] [MainThread]: 
[0m08:42:57.956361 [debug] [MainThread]: Acquiring new snowflake connection 'master'
[0m08:42:57.958288 [debug] [ThreadPool]: Acquiring new snowflake connection 'list_HEALTHCARE_DB'
[0m08:42:57.958519 [debug] [ThreadPool]: Acquiring new snowflake connection 'list_HEALTHCARE_DB'
[0m08:42:57.963819 [debug] [ThreadPool]: Acquiring new snowflake connection 'list_HEALTHCARE_DB'
[0m08:42:57.964738 [debug] [ThreadPool]: Acquiring new snowflake connection 'list_HEALTHCARE_DB'
[0m08:42:57.991017 [debug] [ThreadPool]: Using snowflake connection "list_HEALTHCARE_DB"
[0m08:42:57.991301 [debug] [ThreadPool]: Using snowflake connection "list_HEALTHCARE_DB"
[0m08:42:57.991515 [debug] [ThreadPool]: Using snowflake connection "list_HEALTHCARE_DB"
[0m08:42:57.991693 [debug] [ThreadPool]: On list_HEALTHCARE_DB: show terse schemas in database HEALTHCARE_DB
    limit 10000
/* {"app": "dbt", "dbt_version": "1.11.6", "profile_name": "healthcare_proj", "target_name": "prod", "connection_name": "list_HEALTHCARE_DB"} */
[0m08:42:57.991902 [debug] [ThreadPool]: Using snowflake connection "list_HEALTHCARE_DB"
[0m08:42:57.992054 [debug] [ThreadPool]: On list_HEALTHCARE_DB: show terse schemas in database HEALTHCARE_DB
    limit 10000
/* {"app": "dbt", "dbt_version": "1.11.6", "profile_name": "healthcare_proj", "target_name": "prod", "connection_name": "list_HEALTHCARE_DB"} */
[0m08:42:57.992201 [debug] [ThreadPool]: On list_HEALTHCARE_DB: show terse schemas in database HEALTHCARE_DB
    limit 10000
/* {"app": "dbt", "dbt_version": "1.11.6", "profile_name": "healthcare_proj", "target_name": "prod", "connection_name": "list_HEALTHCARE_DB"} */
[0m08:42:57.992346 [debug] [ThreadPool]: Opening a new connection, currently in state init
[0m08:42:57.992489 [debug] [ThreadPool]: On list_HEALTHCARE_DB: show terse schemas in database HEALTHCARE_DB
    limit 10000
/* {"app": "dbt", "dbt_version": "1.11.6", "profile_name": "healthcare_proj", "target_name": "prod", "connection_name": "list_HEALTHCARE_DB"} */
[0m08:42:57.992611 [debug] [ThreadPool]: Opening a new connection, currently in state init
[0m08:42:57.992729 [debug] [ThreadPool]: Opening a new connection, currently in state init
[0m08:42:57.992877 [debug] [ThreadPool]: Opening a new connection, currently in state init
[0m08:42:58.777796 [debug] [ThreadPool]: SQL status: SUCCESS 10 in 0.785 seconds
[0m08:42:58.780500 [debug] [ThreadPool]: SQL status: SUCCESS 10 in 0.788 seconds
[0m08:42:58.782355 [debug] [ThreadPool]: SQL status: SUCCESS 10 in 0.790 seconds
[0m08:42:58.782783 [debug] [ThreadPool]: SQL status: SUCCESS 10 in 0.790 seconds
[0m08:42:58.786091 [debug] [ThreadPool]: Re-using an available connection from the pool (formerly list_HEALTHCARE_DB, now list_HEALTHCARE_DB_STAGING_intermediate)
[0m08:42:58.793601 [debug] [ThreadPool]: Re-using an available connection from the pool (formerly list_HEALTHCARE_DB, now list_HEALTHCARE_DB_STAGING_staging)
[0m08:42:58.795407 [debug] [ThreadPool]: Using snowflake connection "list_HEALTHCARE_DB_STAGING_intermediate"
[0m08:42:58.796843 [debug] [ThreadPool]: Using snowflake connection "list_HEALTHCARE_DB_STAGING_staging"
[0m08:42:58.797061 [debug] [ThreadPool]: Re-using an available connection from the pool (formerly list_HEALTHCARE_DB, now list_HEALTHCARE_DB_STAGING_marts)
[0m08:42:58.797293 [debug] [ThreadPool]: On list_HEALTHCARE_DB_STAGING_intermediate: show objects in HEALTHCARE_DB.STAGING_intermediate
    limit 10000
    

/* {"app": "dbt", "dbt_version": "1.11.6", "profile_name": "healthcare_proj", "target_name": "prod", "connection_name": "list_HEALTHCARE_DB_STAGING_intermediate"} */;
[0m08:42:58.797506 [debug] [ThreadPool]: Re-using an available connection from the pool (formerly list_HEALTHCARE_DB, now list_HEALTHCARE_DB_snapshots)
[0m08:42:58.797722 [debug] [ThreadPool]: On list_HEALTHCARE_DB_STAGING_staging: show objects in HEALTHCARE_DB.STAGING_staging
    limit 10000
    

/* {"app": "dbt", "dbt_version": "1.11.6", "profile_name": "healthcare_proj", "target_name": "prod", "connection_name": "list_HEALTHCARE_DB_STAGING_staging"} */;
[0m08:42:58.799028 [debug] [ThreadPool]: Using snowflake connection "list_HEALTHCARE_DB_STAGING_marts"
[0m08:42:58.800560 [debug] [ThreadPool]: Using snowflake connection "list_HEALTHCARE_DB_snapshots"
[0m08:42:58.801460 [debug] [ThreadPool]: On list_HEALTHCARE_DB_STAGING_marts: show objects in HEALTHCARE_DB.STAGING_marts
    limit 10000
    

/* {"app": "dbt", "dbt_version": "1.11.6", "profile_name": "healthcare_proj", "target_name": "prod", "connection_name": "list_HEALTHCARE_DB_STAGING_marts"} */;
[0m08:42:58.802025 [debug] [ThreadPool]: On list_HEALTHCARE_DB_snapshots: show objects in HEALTHCARE_DB.snapshots
    limit 10000
    

/* {"app": "dbt", "dbt_version": "1.11.6", "profile_name": "healthcare_proj", "target_name": "prod", "connection_name": "list_HEALTHCARE_DB_snapshots"} */;
[0m08:42:58.868244 [debug] [ThreadPool]: SQL status: SUCCESS 1 in 0.065 seconds
[0m08:42:58.871284 [debug] [ThreadPool]: SQL status: SUCCESS 2 in 0.069 seconds
[0m08:42:58.873336 [debug] [ThreadPool]: SQL status: SUCCESS 3 in 0.073 seconds
[0m08:42:58.883641 [debug] [ThreadPool]: SQL status: SUCCESS 3 in 0.084 seconds
[0m08:42:58.885802 [debug] [MainThread]: Sending event: {'category': 'dbt', 'action': 'runnable_timing', 'label': '8d1b1a19-b0e4-4aa1-806b-604c3412d794', 'context': [<snowplow_tracker.self_describing_json.SelfDescribingJson object at 0x10804c740>]}
[0m08:42:58.888958 [debug] [Thread-2 (]: Began running node model.healthcare_proj.stg_claims
[0m08:42:58.889242 [debug] [Thread-3 (]: Began running node model.healthcare_proj.stg_encounters
[0m08:42:58.889779 [debug] [Thread-4 (]: Began running node model.healthcare_proj.stg_patients
[0m08:42:58.890127 [info ] [Thread-2 (]: 1 of 13 START sql view model STAGING_staging.stg_claims ........................ [RUN]
[0m08:42:58.890403 [debug] [Thread-5 (]: Began running node snapshot.healthcare_proj.snap_patient_insurance
[0m08:42:58.890686 [info ] [Thread-3 (]: 2 of 13 START sql view model STAGING_staging.stg_encounters .................... [RUN]
[0m08:42:58.890938 [debug] [Thread-6 (]: Began running node snapshot.healthcare_proj.snap_provider
[0m08:42:58.891195 [info ] [Thread-4 (]: 3 of 13 START sql view model STAGING_staging.stg_patients ...................... [RUN]
[0m08:42:58.891459 [debug] [Thread-2 (]: Re-using an available connection from the pool (formerly list_HEALTHCARE_DB_STAGING_intermediate, now model.healthcare_proj.stg_claims)
[0m08:42:58.891735 [info ] [Thread-5 (]: 4 of 13 START snapshot snapshots.snap_patient_insurance ........................ [RUN]
[0m08:42:58.891962 [debug] [Thread-3 (]: Re-using an available connection from the pool (formerly list_HEALTHCARE_DB_STAGING_staging, now model.healthcare_proj.stg_encounters)
[0m08:42:58.892221 [info ] [Thread-6 (]: 5 of 13 START snapshot snapshots.snap_provider ................................. [RUN]
[0m08:42:58.892438 [debug] [Thread-4 (]: Re-using an available connection from the pool (formerly list_HEALTHCARE_DB_STAGING_marts, now model.healthcare_proj.stg_patients)
[0m08:42:58.892638 [debug] [Thread-2 (]: Began compiling node model.healthcare_proj.stg_claims
[0m08:42:58.892836 [debug] [Thread-5 (]: Re-using an available connection from the pool (formerly list_HEALTHCARE_DB_snapshots, now snapshot.healthcare_proj.snap_patient_insurance)
[0m08:42:58.893084 [debug] [Thread-3 (]: Began compiling node model.healthcare_proj.stg_encounters
[0m08:42:58.893582 [debug] [Thread-6 (]: Acquiring new snowflake connection 'snapshot.healthcare_proj.snap_provider'
[0m08:42:58.893816 [debug] [Thread-4 (]: Began compiling node model.healthcare_proj.stg_patients
[0m08:42:58.899627 [debug] [Thread-2 (]: Writing injected SQL for node "model.healthcare_proj.stg_claims"
[0m08:42:58.899870 [debug] [Thread-5 (]: Began compiling node snapshot.healthcare_proj.snap_patient_insurance
[0m08:42:58.901644 [debug] [Thread-3 (]: Writing injected SQL for node "model.healthcare_proj.stg_encounters"
[0m08:42:58.901879 [debug] [Thread-6 (]: Began compiling node snapshot.healthcare_proj.snap_provider
[0m08:42:58.903642 [debug] [Thread-4 (]: Writing injected SQL for node "model.healthcare_proj.stg_patients"
[0m08:42:58.905530 [debug] [Thread-5 (]: Began executing node snapshot.healthcare_proj.snap_patient_insurance
[0m08:42:58.907356 [debug] [Thread-6 (]: Began executing node snapshot.healthcare_proj.snap_provider
[0m08:42:58.920169 [debug] [Thread-2 (]: Began executing node model.healthcare_proj.stg_claims
[0m08:42:58.920428 [debug] [Thread-3 (]: Began executing node model.healthcare_proj.stg_encounters
[0m08:42:58.966066 [debug] [Thread-5 (]: Using snowflake connection "snapshot.healthcare_proj.snap_patient_insurance"
[0m08:42:58.969196 [debug] [Thread-6 (]: Using snowflake connection "snapshot.healthcare_proj.snap_provider"
[0m08:42:58.972943 [debug] [Thread-2 (]: Writing runtime sql for node "model.healthcare_proj.stg_claims"
[0m08:42:58.973114 [debug] [Thread-4 (]: Began executing node model.healthcare_proj.stg_patients
[0m08:42:58.974349 [debug] [Thread-3 (]: Writing runtime sql for node "model.healthcare_proj.stg_encounters"
[0m08:42:58.974542 [debug] [Thread-5 (]: On snapshot.healthcare_proj.snap_patient_insurance: select * from (
        select insurance_id from (
                


select 
patient_id,
insurance_id,
insurance_type
from
HEALTHCARE_DB.RAW.patients
            ) subq
    ) as __dbt_sbq
    where false
    limit 0
/* {"app": "dbt", "dbt_version": "1.11.6", "profile_name": "healthcare_proj", "target_name": "prod", "node_id": "snapshot.healthcare_proj.snap_patient_insurance"} */
[0m08:42:58.974708 [debug] [Thread-6 (]: On snapshot.healthcare_proj.snap_provider: select * from (
        
    

    select *,
        md5(coalesce(cast(PROVIDER_ID as varchar ), '')
         || '|' || coalesce(cast(to_timestamp_ntz(convert_timezone('UTC', current_timestamp())) as varchar ), '')
        ) as dbt_scd_id,
        to_timestamp_ntz(convert_timezone('UTC', current_timestamp())) as dbt_updated_at,
        to_timestamp_ntz(convert_timezone('UTC', current_timestamp())) as dbt_valid_from,
        
  
  coalesce(nullif(to_timestamp_ntz(convert_timezone('UTC', current_timestamp())), to_timestamp_ntz(convert_timezone('UTC', current_timestamp()))), null)
  as dbt_valid_to
from (
        



select
    PROVIDER_ID,
    FIRST_NAME || LAST_NAME as PROVIDER_NAME,
    SPECIALTY as PROVIDER_SPECIALTY,
from HEALTHCARE_DB.RAW.providers

    ) sbq



    ) as __dbt_sbq
    where false
    limit 0
/* {"app": "dbt", "dbt_version": "1.11.6", "profile_name": "healthcare_proj", "target_name": "prod", "node_id": "snapshot.healthcare_proj.snap_provider"} */
/* {"app": "dbt", "dbt_version": "1.11.6", "profile_name": "healthcare_proj", "target_name": "prod", "node_id": "snapshot.healthcare_proj.snap_provider"} */
[0m08:42:58.975769 [debug] [Thread-4 (]: Writing runtime sql for node "model.healthcare_proj.stg_patients"
[0m08:42:58.976690 [debug] [Thread-6 (]: Opening a new connection, currently in state init
[0m08:42:58.977128 [debug] [Thread-2 (]: Using snowflake connection "model.healthcare_proj.stg_claims"
[0m08:42:58.977581 [debug] [Thread-2 (]: On model.healthcare_proj.stg_claims: create or replace   view HEALTHCARE_DB.STAGING_staging.stg_claims
  
  
  
  
  as (
    with source as(
    select * from HEALTHCARE_DB.RAW.claims
),
cleaned as (
    select
        claim_id,
        patient_id,
        encounter_id,
        payer_id,
        initcap(trim(claim_type)) as claim_type,
        submitted_date,
        paid_date
        --financial data
        billed_amount,
        paid_amount,
        allowed_amount,
        --claim status
        initcap(trim(claim_status)) as claim_status
        from source
)
select * from cleaned
  )
/* {"app": "dbt", "dbt_version": "1.11.6", "profile_name": "healthcare_proj", "target_name": "prod", "node_id": "model.healthcare_proj.stg_claims"} */;
[0m08:42:58.977969 [debug] [Thread-3 (]: Using snowflake connection "model.healthcare_proj.stg_encounters"
[0m08:42:58.978699 [debug] [Thread-4 (]: Using snowflake connection "model.healthcare_proj.stg_patients"
[0m08:42:58.979045 [debug] [Thread-3 (]: On model.healthcare_proj.stg_encounters: create or replace   view HEALTHCARE_DB.STAGING_staging.stg_encounters
  
  
  
  
  as (
    with source as (
    select * from HEALTHCARE_DB.RAW.encounters
),
cleaned as (
    select 
        --ids
        encounter_id,
        patient_id,
        provider_id,
        facility_id,
        initcap(trim(encounter_type)) as encounter_type,
        --date validations
        encounter_date,
        discharge_date,
        case when discharge_date is not null and discharge_date> encounter_date then true else false end as valid_stay,
        discharge_disposition
    from source
)
select * from cleaned
  )
/* {"app": "dbt", "dbt_version": "1.11.6", "profile_name": "healthcare_proj", "target_name": "prod", "node_id": "model.healthcare_proj.stg_encounters"} */;
[0m08:42:58.979372 [debug] [Thread-4 (]: On model.healthcare_proj.stg_patients: create or replace   view HEALTHCARE_DB.STAGING_staging.stg_patients
  
  
  
  
  as (
    with source as (
    select * from HEALTHCARE_DB.RAW.patients
)
,
cleaned as (
    select 
        patient_id,
        --name cleaning
        initcap(trim(first_name)) as first_name,
        initcap(trim(last_name)) as last_name,
        initcap(trim(first_name)) || ' ' || initcap(trim(last_name)) as full_name,
        dob as dateofbirth,
        floor(datediff(day, dob, current_date()) / 365.25) as current_age,
        case
        when floor(datediff(day, dob, current_date()) / 365.25) < 18 then 'Child'
        when floor(datediff(day, dob, current_date()) / 365.25) between 18 and 64 then 'Adult'
        else 'Senior'
        end as age_group,
        upper(trim(gender)) as gender,
        trim(race) as race,
        trim(ethnicity) as ethnicity,
        zip_code,
        upper(state) as state,
        insurance_type,
        insurance_id,
        pcp_provider_id
    from source
)

select * from cleaned
  )
/* {"app": "dbt", "dbt_version": "1.11.6", "profile_name": "healthcare_proj", "target_name": "prod", "node_id": "model.healthcare_proj.stg_patients"} */;
[0m08:42:59.031347 [debug] [Thread-5 (]: SQL status: SUCCESS 0 in 0.055 seconds
[0m08:42:59.035620 [debug] [Thread-5 (]: Using snowflake connection "snapshot.healthcare_proj.snap_patient_insurance"
[0m08:42:59.036137 [debug] [Thread-5 (]: On snapshot.healthcare_proj.snap_patient_insurance: describe table "HEALTHCARE_DB"."SNAPSHOTS"."SNAP_PATIENT_INSURANCE"
/* {"app": "dbt", "dbt_version": "1.11.6", "profile_name": "healthcare_proj", "target_name": "prod", "node_id": "snapshot.healthcare_proj.snap_patient_insurance"} */
[0m08:42:59.072124 [debug] [Thread-5 (]: SQL status: SUCCESS 7 in 0.036 seconds
[0m08:42:59.074229 [debug] [Thread-5 (]: Using snowflake connection "snapshot.healthcare_proj.snap_patient_insurance"
[0m08:42:59.074407 [debug] [Thread-5 (]: On snapshot.healthcare_proj.snap_patient_insurance: describe table "HEALTHCARE_DB"."SNAPSHOTS"."SNAP_PATIENT_INSURANCE"
/* {"app": "dbt", "dbt_version": "1.11.6", "profile_name": "healthcare_proj", "target_name": "prod", "node_id": "snapshot.healthcare_proj.snap_patient_insurance"} */
[0m08:42:59.114390 [debug] [Thread-5 (]: SQL status: SUCCESS 7 in 0.040 seconds
[0m08:42:59.133478 [debug] [Thread-5 (]: Using snowflake connection "snapshot.healthcare_proj.snap_patient_insurance"
[0m08:42:59.133822 [debug] [Thread-5 (]: On snapshot.healthcare_proj.snap_patient_insurance: create or replace temporary table "HEALTHCARE_DB"."SNAPSHOTS"."SNAP_PATIENT_INSURANCE__dbt_tmp"
as (
    
    
    with snapshot_query as (

        


select 
patient_id,
insurance_id,
insurance_type
from
HEALTHCARE_DB.RAW.patients

    ),

    snapshotted_data as (

        select *, 
    
        patient_id as dbt_unique_key
    

        from "HEALTHCARE_DB"."SNAPSHOTS"."SNAP_PATIENT_INSURANCE"
        where
            
                dbt_valid_to is null
            

    ),

    insertions_source_data as (

        select *, 
    
        patient_id as dbt_unique_key
    
,
            to_timestamp_ntz(convert_timezone('UTC', current_timestamp())) as dbt_updated_at,
            to_timestamp_ntz(convert_timezone('UTC', current_timestamp())) as dbt_valid_from,
            
  
  coalesce(nullif(to_timestamp_ntz(convert_timezone('UTC', current_timestamp())), to_timestamp_ntz(convert_timezone('UTC', current_timestamp()))), null)
  as dbt_valid_to
,
            md5(coalesce(cast(patient_id as varchar ), '')
         || '|' || coalesce(cast(to_timestamp_ntz(convert_timezone('UTC', current_timestamp())) as varchar ), '')
        ) as dbt_scd_id

        from snapshot_query
    ),

    updates_source_data as (

        select *, 
    
        patient_id as dbt_unique_key
    
,
            to_timestamp_ntz(convert_timezone('UTC', current_timestamp())) as dbt_updated_at,
            to_timestamp_ntz(convert_timezone('UTC', current_timestamp())) as dbt_valid_from,
            to_timestamp_ntz(convert_timezone('UTC', current_timestamp())) as dbt_valid_to

        from snapshot_query
    ),

    insertions as (

        select
            'insert' as dbt_change_type,
            source_data.*

        from insertions_source_data as source_data
        left outer join snapshotted_data
            on 
    
        snapshotted_data.dbt_unique_key = source_data.dbt_unique_key
    

            where 
    
        snapshotted_data.dbt_unique_key is null
    

            or (
    
        snapshotted_data.dbt_unique_key is not null
    
 and (
               (snapshotted_data."INSURANCE_ID" != source_data."INSURANCE_ID"
        or
        (
            ((snapshotted_data."INSURANCE_ID" is null) and not (source_data."INSURANCE_ID" is null))
            or
            ((not snapshotted_data."INSURANCE_ID" is null) and (source_data."INSURANCE_ID" is null))
        ))
            )

        )

    ),

    updates as (

        select
            'update' as dbt_change_type,
            source_data.*,
            snapshotted_data.dbt_scd_id

        from updates_source_data as source_data
        join snapshotted_data
            on 
    
        snapshotted_data.dbt_unique_key = source_data.dbt_unique_key
    

        where (
            (snapshotted_data."INSURANCE_ID" != source_data."INSURANCE_ID"
        or
        (
            ((snapshotted_data."INSURANCE_ID" is null) and not (source_data."INSURANCE_ID" is null))
            or
            ((not snapshotted_data."INSURANCE_ID" is null) and (source_data."INSURANCE_ID" is null))
        ))
        )
    )

    select * from insertions
    union all
    select * from updates

    )

/* {"app": "dbt", "dbt_version": "1.11.6", "profile_name": "healthcare_proj", "target_name": "prod", "node_id": "snapshot.healthcare_proj.snap_patient_insurance"} */;
[0m08:42:59.160406 [debug] [Thread-3 (]: SQL status: SUCCESS 1 in 0.181 seconds
[0m08:42:59.172107 [debug] [Thread-4 (]: SQL status: SUCCESS 1 in 0.142 seconds
[0m08:42:59.173188 [debug] [Thread-2 (]: SQL status: SUCCESS 1 in 0.195 seconds
[0m08:42:59.174701 [debug] [Thread-3 (]: Sending event: {'category': 'dbt', 'action': 'run_model', 'label': '8d1b1a19-b0e4-4aa1-806b-604c3412d794', 'context': [<snowplow_tracker.self_describing_json.SelfDescribingJson object at 0x105a25610>]}
[0m08:42:59.175098 [info ] [Thread-3 (]: 2 of 13 OK created sql view model STAGING_staging.stg_encounters ............... [[32mSUCCESS 1[0m in 0.28s]
[0m08:42:59.175281 [debug] [Thread-4 (]: Sending event: {'category': 'dbt', 'action': 'run_model', 'label': '8d1b1a19-b0e4-4aa1-806b-604c3412d794', 'context': [<snowplow_tracker.self_describing_json.SelfDescribingJson object at 0x108a31760>]}
[0m08:42:59.175565 [debug] [Thread-3 (]: Finished running node model.healthcare_proj.stg_encounters
[0m08:42:59.175695 [debug] [Thread-2 (]: Sending event: {'category': 'dbt', 'action': 'run_model', 'label': '8d1b1a19-b0e4-4aa1-806b-604c3412d794', 'context': [<snowplow_tracker.self_describing_json.SelfDescribingJson object at 0x10895d6d0>]}
[0m08:42:59.175937 [info ] [Thread-4 (]: 3 of 13 OK created sql view model STAGING_staging.stg_patients ................. [[32mSUCCESS 1[0m in 0.28s]
[0m08:42:59.176354 [info ] [Thread-2 (]: 1 of 13 OK created sql view model STAGING_staging.stg_claims ................... [[32mSUCCESS 1[0m in 0.28s]
[0m08:42:59.176709 [debug] [Thread-8 (]: Began running node model.healthcare_proj.fact_encounters
[0m08:42:59.176959 [debug] [Thread-9 (]: Began running node model.healthcare_proj.int_churn_metrics
[0m08:42:59.177252 [debug] [Thread-4 (]: Finished running node model.healthcare_proj.stg_patients
[0m08:42:59.177495 [debug] [Thread-2 (]: Finished running node model.healthcare_proj.stg_claims
[0m08:42:59.177703 [info ] [Thread-8 (]: 6 of 13 START sql incremental model STAGING_marts.fact_encounters .............. [RUN]
[0m08:42:59.177887 [info ] [Thread-9 (]: 7 of 13 START sql view model STAGING_intermediate.int_churn_metrics ............ [RUN]
[0m08:42:59.178194 [debug] [Thread-3 (]: Began running node test.healthcare_proj.accepted_values_stg_patients_gender__M__F__O.8592a557cd
[0m08:42:59.178409 [debug] [Thread-8 (]: Acquiring new snowflake connection 'model.healthcare_proj.fact_encounters'
[0m08:42:59.178542 [debug] [Thread-7 (]: Began running node test.healthcare_proj.not_null_stg_patients_patient_id.e578180344
[0m08:42:59.178721 [debug] [Thread-9 (]: Acquiring new snowflake connection 'model.healthcare_proj.int_churn_metrics'
[0m08:42:59.178849 [debug] [Thread-4 (]: Began running node test.healthcare_proj.unique_stg_patients_patient_id.8907d3ccf0
[0m08:42:59.178983 [info ] [Thread-3 (]: 8 of 13 START test accepted_values_stg_patients_gender__M__F__O ................ [RUN]
[0m08:42:59.179131 [debug] [Thread-8 (]: Began compiling node model.healthcare_proj.fact_encounters
[0m08:42:59.179259 [info ] [Thread-7 (]: 9 of 13 START test not_null_stg_patients_patient_id ............................ [RUN]
[0m08:42:59.179389 [debug] [Thread-9 (]: Began compiling node model.healthcare_proj.int_churn_metrics
[0m08:42:59.179507 [info ] [Thread-4 (]: 10 of 13 START test unique_stg_patients_patient_id ............................. [RUN]
[0m08:42:59.179653 [debug] [Thread-3 (]: Re-using an available connection from the pool (formerly model.healthcare_proj.stg_encounters, now test.healthcare_proj.accepted_values_stg_patients_gender__M__F__O.8592a557cd)
[0m08:42:59.182432 [debug] [Thread-8 (]: Writing injected SQL for node "model.healthcare_proj.fact_encounters"
[0m08:42:59.182606 [debug] [Thread-7 (]: Acquiring new snowflake connection 'test.healthcare_proj.not_null_stg_patients_patient_id.e578180344'
[0m08:42:59.183709 [debug] [Thread-9 (]: Writing injected SQL for node "model.healthcare_proj.int_churn_metrics"
[0m08:42:59.183842 [debug] [Thread-4 (]: Re-using an available connection from the pool (formerly model.healthcare_proj.stg_patients, now test.healthcare_proj.unique_stg_patients_patient_id.8907d3ccf0)
[0m08:42:59.183969 [debug] [Thread-3 (]: Began compiling node test.healthcare_proj.accepted_values_stg_patients_gender__M__F__O.8592a557cd
[0m08:42:59.184139 [debug] [Thread-7 (]: Began compiling node test.healthcare_proj.not_null_stg_patients_patient_id.e578180344
[0m08:42:59.184343 [debug] [Thread-4 (]: Began compiling node test.healthcare_proj.unique_stg_patients_patient_id.8907d3ccf0
[0m08:42:59.186264 [debug] [Thread-3 (]: Writing injected SQL for node "test.healthcare_proj.accepted_values_stg_patients_gender__M__F__O.8592a557cd"
[0m08:42:59.189393 [debug] [Thread-7 (]: Writing injected SQL for node "test.healthcare_proj.not_null_stg_patients_patient_id.e578180344"
[0m08:42:59.191686 [debug] [Thread-4 (]: Writing injected SQL for node "test.healthcare_proj.unique_stg_patients_patient_id.8907d3ccf0"
[0m08:42:59.191862 [debug] [Thread-9 (]: Began executing node model.healthcare_proj.int_churn_metrics
[0m08:42:59.192005 [debug] [Thread-8 (]: Began executing node model.healthcare_proj.fact_encounters
[0m08:42:59.193476 [debug] [Thread-9 (]: Writing runtime sql for node "model.healthcare_proj.int_churn_metrics"
[0m08:42:59.206267 [debug] [Thread-3 (]: Began executing node test.healthcare_proj.accepted_values_stg_patients_gender__M__F__O.8592a557cd
[0m08:42:59.258564 [debug] [Thread-8 (]: Using snowflake connection "model.healthcare_proj.fact_encounters"
[0m08:42:59.258818 [debug] [Thread-4 (]: Began executing node test.healthcare_proj.unique_stg_patients_patient_id.8907d3ccf0
[0m08:42:59.265314 [debug] [Thread-7 (]: Began executing node test.healthcare_proj.not_null_stg_patients_patient_id.e578180344
[0m08:42:59.267121 [debug] [Thread-3 (]: Writing runtime sql for node "test.healthcare_proj.accepted_values_stg_patients_gender__M__F__O.8592a557cd"
[0m08:42:59.267357 [debug] [Thread-8 (]: On model.healthcare_proj.fact_encounters: create or replace  temporary view HEALTHCARE_DB.STAGING_marts.fact_encounters__dbt_tmp
  
  
  
  
  as (
    

with encounters as(
    select *
    from HEALTHCARE_DB.STAGING_staging.stg_encounters
),
dx as (
    select *
    from HEALTHCARE_DB.RAW.diagnoses
),
mds as (
    select *
    from HEALTHCARE_DB.RAW.medications
),
pivots as
(
    --diagnoses
    select
    encounter_id,
    count(*) as diagnosis_count,
    max(case when icd10_code like 'I%' then 1 else 0 end) as has_cardiovascular_dx,
    max(case when icd10_code like 'J%' then 1 else 0 end) as has_respiratory_dx,
    count(distinct medication_id) as distinct_medication_count
    from dx
    left join mds using(encounter_id)
    group by encounter_id
)
select 
    encounters.*,
    pivots.diagnosis_count,
    pivots.has_cardiovascular_dx,
    pivots.has_respiratory_dx,
    pivots.distinct_medication_count
from encounters
left join pivots using(encounter_id)


  where encounters.encounter_date > (select max(encounter_date) from HEALTHCARE_DB.STAGING_marts.fact_encounters)

  )
/* {"app": "dbt", "dbt_version": "1.11.6", "profile_name": "healthcare_proj", "target_name": "prod", "node_id": "model.healthcare_proj.fact_encounters"} */;
[0m08:42:59.268695 [debug] [Thread-4 (]: Writing runtime sql for node "test.healthcare_proj.unique_stg_patients_patient_id.8907d3ccf0"
[0m08:42:59.269471 [debug] [Thread-9 (]: Using snowflake connection "model.healthcare_proj.int_churn_metrics"
[0m08:42:59.270435 [debug] [Thread-7 (]: Writing runtime sql for node "test.healthcare_proj.not_null_stg_patients_patient_id.e578180344"
[0m08:42:59.270637 [debug] [Thread-8 (]: Opening a new connection, currently in state init
[0m08:42:59.270880 [debug] [Thread-9 (]: On model.healthcare_proj.int_churn_metrics: create or replace   view HEALTHCARE_DB.STAGING_intermediate.int_churn_metrics
  
  
  
  
  as (
    with encounters as(
    select *
    from HEALTHCARE_DB.STAGING_staging.stg_encounters
),
latest_activity as (
    select
        patient_id,
        max(encounter_date) as last_encounter_date,
        max(discharge_date) as last_discharge_date,
        count(*) as total_encounters,
        count(distinct(encounter_type)) as distinct_encounter_types,
        count(distinct(provider_id)) as distinct_providers,
        max(encounter_type) as most_recent_encounter_type
    from encounters
    group by patient_id
),

--churn metrics
churn_metrics as (
    select
        patient_id,
        last_encounter_date,
        last_discharge_date,
        total_encounters,
        distinct_encounter_types,
        distinct_providers,
        most_recent_encounter_type,
        case
            when last_encounter_date < dateadd(month, -6, current_date()) then 'Churned/Inactive'
            when last_encounter_date >= dateadd(month, -6, current_date()) and last_encounter_date < dateadd(month, -3, current_date()) then 'At Risk'
            else 'Active'
        end as churn_status
        from latest_activity
)
select * from churn_metrics
  )
/* {"app": "dbt", "dbt_version": "1.11.6", "profile_name": "healthcare_proj", "target_name": "prod", "node_id": "model.healthcare_proj.int_churn_metrics"} */;
[0m08:42:59.271208 [debug] [Thread-9 (]: Opening a new connection, currently in state init
[0m08:42:59.271536 [debug] [Thread-4 (]: Using snowflake connection "test.healthcare_proj.unique_stg_patients_patient_id.8907d3ccf0"
[0m08:42:59.271884 [debug] [Thread-3 (]: Using snowflake connection "test.healthcare_proj.accepted_values_stg_patients_gender__M__F__O.8592a557cd"
[0m08:42:59.272094 [debug] [Thread-4 (]: On test.healthcare_proj.unique_stg_patients_patient_id.8907d3ccf0: select
      count(*) as failures,
      count(*) != 0 as should_warn,
      count(*) != 0 as should_error
    from (
      
    
  
    
    

select
    patient_id as unique_field,
    count(*) as n_records

from HEALTHCARE_DB.STAGING_staging.stg_patients
where patient_id is not null
group by patient_id
having count(*) > 1



  
  
      
    ) dbt_internal_test
/* {"app": "dbt", "dbt_version": "1.11.6", "profile_name": "healthcare_proj", "target_name": "prod", "node_id": "test.healthcare_proj.unique_stg_patients_patient_id.8907d3ccf0"} */
[0m08:42:59.272411 [debug] [Thread-7 (]: Using snowflake connection "test.healthcare_proj.not_null_stg_patients_patient_id.e578180344"
[0m08:42:59.272570 [debug] [Thread-3 (]: On test.healthcare_proj.accepted_values_stg_patients_gender__M__F__O.8592a557cd: select
      count(*) as failures,
      count(*) != 0 as should_warn,
      count(*) != 0 as should_error
    from (
      
    
  
    
    

with all_values as (

    select
        gender as value_field,
        count(*) as n_records

    from HEALTHCARE_DB.STAGING_staging.stg_patients
    group by gender

)

select *
from all_values
where value_field not in (
    'M','F','O'
)



  
  
      
    ) dbt_internal_test
/* {"app": "dbt", "dbt_version": "1.11.6", "profile_name": "healthcare_proj", "target_name": "prod", "node_id": "test.healthcare_proj.accepted_values_stg_patients_gender__M__F__O.8592a557cd"} */
[0m08:42:59.272814 [debug] [Thread-7 (]: On test.healthcare_proj.not_null_stg_patients_patient_id.e578180344: select
      count(*) as failures,
      count(*) != 0 as should_warn,
      count(*) != 0 as should_error
    from (
      
    
  
    
    



select patient_id
from HEALTHCARE_DB.STAGING_staging.stg_patients
where patient_id is null



  
  
      
    ) dbt_internal_test
/* {"app": "dbt", "dbt_version": "1.11.6", "profile_name": "healthcare_proj", "target_name": "prod", "node_id": "test.healthcare_proj.not_null_stg_patients_patient_id.e578180344"} */
[0m08:42:59.273371 [debug] [Thread-7 (]: Opening a new connection, currently in state init
[0m08:42:59.710354 [debug] [Thread-8 (]: SQL status: SUCCESS 1 in 0.440 seconds
[0m08:42:59.714197 [debug] [Thread-8 (]: Using snowflake connection "model.healthcare_proj.fact_encounters"
[0m08:42:59.714966 [debug] [Thread-8 (]: On model.healthcare_proj.fact_encounters: describe table HEALTHCARE_DB.STAGING_marts.fact_encounters__dbt_tmp
/* {"app": "dbt", "dbt_version": "1.11.6", "profile_name": "healthcare_proj", "target_name": "prod", "node_id": "model.healthcare_proj.fact_encounters"} */
[0m08:42:59.715696 [debug] [Thread-9 (]: SQL status: SUCCESS 1 in 0.444 seconds
[0m08:42:59.718401 [debug] [Thread-9 (]: Sending event: {'category': 'dbt', 'action': 'run_model', 'label': '8d1b1a19-b0e4-4aa1-806b-604c3412d794', 'context': [<snowplow_tracker.self_describing_json.SelfDescribingJson object at 0x108a95790>]}
[0m08:42:59.719503 [info ] [Thread-9 (]: 7 of 13 OK created sql view model STAGING_intermediate.int_churn_metrics ....... [[32mSUCCESS 1[0m in 0.54s]
[0m08:42:59.720076 [debug] [Thread-9 (]: Finished running node model.healthcare_proj.int_churn_metrics
[0m08:42:59.770354 [debug] [Thread-8 (]: SQL status: SUCCESS 13 in 0.054 seconds
[0m08:42:59.773788 [debug] [Thread-8 (]: Using snowflake connection "model.healthcare_proj.fact_encounters"
[0m08:42:59.774118 [debug] [Thread-8 (]: On model.healthcare_proj.fact_encounters: describe table HEALTHCARE_DB.STAGING_marts.fact_encounters
/* {"app": "dbt", "dbt_version": "1.11.6", "profile_name": "healthcare_proj", "target_name": "prod", "node_id": "model.healthcare_proj.fact_encounters"} */
[0m08:42:59.804609 [debug] [Thread-6 (]: SQL status: SUCCESS 0 in 0.828 seconds
[0m08:42:59.807930 [debug] [Thread-6 (]: Using snowflake connection "snapshot.healthcare_proj.snap_provider"
[0m08:42:59.808647 [debug] [Thread-6 (]: On snapshot.healthcare_proj.snap_provider: select * from (
        select to_timestamp_ntz(convert_timezone('UTC', current_timestamp())) as dbt_snapshot_time
    ) as __dbt_sbq
    where false
    limit 0
/* {"app": "dbt", "dbt_version": "1.11.6", "profile_name": "healthcare_proj", "target_name": "prod", "node_id": "snapshot.healthcare_proj.snap_provider"} */
/* {"app": "dbt", "dbt_version": "1.11.6", "profile_name": "healthcare_proj", "target_name": "prod", "node_id": "snapshot.healthcare_proj.snap_provider"} */
[0m08:42:59.810132 [debug] [Thread-7 (]: SQL status: SUCCESS 1 in 0.537 seconds
[0m08:42:59.810814 [debug] [Thread-8 (]: SQL status: SUCCESS 13 in 0.036 seconds
[0m08:42:59.814027 [info ] [Thread-7 (]: 9 of 13 PASS not_null_stg_patients_patient_id .................................. [[32mPASS[0m in 0.63s]
[0m08:42:59.821172 [debug] [Thread-8 (]: Using snowflake connection "model.healthcare_proj.fact_encounters"
[0m08:42:59.821654 [debug] [Thread-7 (]: Finished running node test.healthcare_proj.not_null_stg_patients_patient_id.e578180344
[0m08:42:59.822007 [debug] [Thread-8 (]: On model.healthcare_proj.fact_encounters: describe table "HEALTHCARE_DB"."STAGING_MARTS"."FACT_ENCOUNTERS"
/* {"app": "dbt", "dbt_version": "1.11.6", "profile_name": "healthcare_proj", "target_name": "prod", "node_id": "model.healthcare_proj.fact_encounters"} */
[0m08:42:59.843728 [debug] [Thread-4 (]: SQL status: SUCCESS 1 in 0.571 seconds
[0m08:42:59.845237 [info ] [Thread-4 (]: 10 of 13 PASS unique_stg_patients_patient_id ................................... [[32mPASS[0m in 0.66s]
[0m08:42:59.845608 [debug] [Thread-4 (]: Finished running node test.healthcare_proj.unique_stg_patients_patient_id.8907d3ccf0
[0m08:42:59.846354 [debug] [Thread-3 (]: SQL status: SUCCESS 1 in 0.573 seconds
[0m08:42:59.847473 [info ] [Thread-3 (]: 8 of 13 PASS accepted_values_stg_patients_gender__M__F__O ...................... [[32mPASS[0m in 0.67s]
[0m08:42:59.847815 [debug] [Thread-3 (]: Finished running node test.healthcare_proj.accepted_values_stg_patients_gender__M__F__O.8592a557cd
[0m08:42:59.848148 [debug] [Thread-2 (]: Began running node model.healthcare_proj.dim_patient
[0m08:42:59.848386 [debug] [Thread-9 (]: Began running node model.healthcare_proj.int_patient_encounters
[0m08:42:59.848723 [info ] [Thread-2 (]: 11 of 13 START sql table model STAGING_marts.dim_patient ....................... [RUN]
[0m08:42:59.849028 [info ] [Thread-9 (]: 12 of 13 START sql view model STAGING_intermediate.int_patient_encounters ...... [RUN]
[0m08:42:59.849298 [debug] [Thread-2 (]: Re-using an available connection from the pool (formerly model.healthcare_proj.stg_claims, now model.healthcare_proj.dim_patient)
[0m08:42:59.849525 [debug] [Thread-9 (]: Re-using an available connection from the pool (formerly model.healthcare_proj.int_churn_metrics, now model.healthcare_proj.int_patient_encounters)
[0m08:42:59.849736 [debug] [Thread-2 (]: Began compiling node model.healthcare_proj.dim_patient
[0m08:42:59.849925 [debug] [Thread-9 (]: Began compiling node model.healthcare_proj.int_patient_encounters
[0m08:42:59.853887 [debug] [Thread-2 (]: Writing injected SQL for node "model.healthcare_proj.dim_patient"
[0m08:42:59.855985 [debug] [Thread-9 (]: Writing injected SQL for node "model.healthcare_proj.int_patient_encounters"
[0m08:42:59.856916 [debug] [Thread-6 (]: SQL status: SUCCESS 0 in 0.048 seconds
[0m08:42:59.857285 [debug] [Thread-6 (]: Writing runtime sql for node "snapshot.healthcare_proj.snap_provider"
[0m08:42:59.857838 [debug] [Thread-8 (]: SQL status: SUCCESS 13 in 0.035 seconds
[0m08:42:59.868784 [debug] [Thread-2 (]: Began executing node model.healthcare_proj.dim_patient
[0m08:42:59.875530 [debug] [Thread-9 (]: Began executing node model.healthcare_proj.int_patient_encounters
[0m08:42:59.878063 [debug] [Thread-8 (]: Writing runtime sql for node "model.healthcare_proj.fact_encounters"
[0m08:42:59.882571 [debug] [Thread-2 (]: Writing runtime sql for node "model.healthcare_proj.dim_patient"
[0m08:42:59.883735 [debug] [Thread-9 (]: Writing runtime sql for node "model.healthcare_proj.int_patient_encounters"
[0m08:42:59.884352 [debug] [Thread-6 (]: Using snowflake connection "snapshot.healthcare_proj.snap_provider"
[0m08:42:59.884905 [debug] [Thread-6 (]: On snapshot.healthcare_proj.snap_provider: create or replace transient table HEALTHCARE_DB.snapshots.snap_provider
    
    
    
    as (
    

    select *,
        md5(coalesce(cast(PROVIDER_ID as varchar ), '')
         || '|' || coalesce(cast(to_timestamp_ntz(convert_timezone('UTC', current_timestamp())) as varchar ), '')
        ) as dbt_scd_id,
        to_timestamp_ntz(convert_timezone('UTC', current_timestamp())) as dbt_updated_at,
        to_timestamp_ntz(convert_timezone('UTC', current_timestamp())) as dbt_valid_from,
        
  
  coalesce(nullif(to_timestamp_ntz(convert_timezone('UTC', current_timestamp())), to_timestamp_ntz(convert_timezone('UTC', current_timestamp()))), null)
  as dbt_valid_to
from (
        



select
    PROVIDER_ID,
    FIRST_NAME || LAST_NAME as PROVIDER_NAME,
    SPECIALTY as PROVIDER_SPECIALTY,
from HEALTHCARE_DB.RAW.providers

    ) sbq



    )

/* {"app": "dbt", "dbt_version": "1.11.6", "profile_name": "healthcare_proj", "target_name": "prod", "node_id": "snapshot.healthcare_proj.snap_provider"} */;
[0m08:42:59.886248 [debug] [Thread-8 (]: Using snowflake connection "model.healthcare_proj.fact_encounters"
[0m08:42:59.886909 [debug] [Thread-2 (]: Using snowflake connection "model.healthcare_proj.dim_patient"
[0m08:42:59.887099 [debug] [Thread-8 (]: On model.healthcare_proj.fact_encounters: -- back compat for old kwarg name
  
  begin
/* {"app": "dbt", "dbt_version": "1.11.6", "profile_name": "healthcare_proj", "target_name": "prod", "node_id": "model.healthcare_proj.fact_encounters"} */;
[0m08:42:59.887338 [debug] [Thread-2 (]: On model.healthcare_proj.dim_patient: create or replace transient table HEALTHCARE_DB.STAGING_marts.dim_patient
    
    
    
    as (with patients as (
    select * from HEALTHCARE_DB.STAGING_staging.stg_patients
),
churm_metrics as (
    select * from HEALTHCARE_DB.STAGING_intermediate.int_churn_metrics
),
pivots as (
    select
    patient_id,
    max(case when encounter_type='Inpatient' then 1 else 0 end) as is_inpatient,
    max(case when encounter_type='Outpatient' then 1 else 0 end) as is_outpatient,
    max(case when encounter_type='Emergency' then 1 else 0 end) as is_emergency
    from HEALTHCARE_DB.STAGING_staging.stg_encounters
    group by patient_id
)
select
    patients.*,
    churm_metrics.last_encounter_date,
    churm_metrics.last_discharge_date,
    churm_metrics.total_encounters,
    churm_metrics.distinct_encounter_types,
    churm_metrics.distinct_providers,
    churm_metrics.most_recent_encounter_type
    ,churm_metrics.churn_status
    from patients
    left join churm_metrics on patients.patient_id=churm_metrics.patient_id
    left join pivots on patients.patient_id=pivots.patient_id
    )

/* {"app": "dbt", "dbt_version": "1.11.6", "profile_name": "healthcare_proj", "target_name": "prod", "node_id": "model.healthcare_proj.dim_patient"} */;
[0m08:42:59.887940 [debug] [Thread-9 (]: Using snowflake connection "model.healthcare_proj.int_patient_encounters"
[0m08:42:59.888783 [debug] [Thread-9 (]: On model.healthcare_proj.int_patient_encounters: create or replace   view HEALTHCARE_DB.STAGING_intermediate.int_patient_encounters
  
  
  
  
  as (
    with patients as (
    select * from HEALTHCARE_DB.STAGING_staging.stg_patients
),
encounters as (
    select * from HEALTHCARE_DB.STAGING_staging.stg_encounters
),
diagnoses as (
    select * from HEALTHCARE_DB.RAW.diagnoses
),
providers as (
    select * from HEALTHCARE_DB.RAW.providers
),
joined as (
    select
        e.encounter_id,
        e.patient_id,
        e.provider_id,
        e.facility_id,
        e.encounter_type,
        e.encounter_date,
        e.discharge_date,
        e.discharge_disposition,

        --patient data
        full_name,
        gender,
        race,
        state,
        insurance_type

        --provider info
        provider_name,
        specialty,
        npi

    from encounters e
    left join patients p on e.patient_id=p.patient_id
    left join providers prov on p.pcp_provider_id=prov.provider_id

)

select * from joined
  )
/* {"app": "dbt", "dbt_version": "1.11.6", "profile_name": "healthcare_proj", "target_name": "prod", "node_id": "model.healthcare_proj.int_patient_encounters"} */;
[0m08:42:59.925741 [debug] [Thread-5 (]: SQL status: SUCCESS 1 in 0.792 seconds
[0m08:42:59.927823 [debug] [Thread-5 (]: Using snowflake connection "snapshot.healthcare_proj.snap_patient_insurance"
[0m08:42:59.928088 [debug] [Thread-5 (]: On snapshot.healthcare_proj.snap_patient_insurance: describe table "HEALTHCARE_DB"."SNAPSHOTS"."SNAP_PATIENT_INSURANCE__dbt_tmp"
/* {"app": "dbt", "dbt_version": "1.11.6", "profile_name": "healthcare_proj", "target_name": "prod", "node_id": "snapshot.healthcare_proj.snap_patient_insurance"} */
[0m08:42:59.938041 [debug] [Thread-8 (]: SQL status: SUCCESS 1 in 0.050 seconds
[0m08:42:59.938261 [debug] [Thread-8 (]: Using snowflake connection "model.healthcare_proj.fact_encounters"
[0m08:42:59.938469 [debug] [Thread-8 (]: On model.healthcare_proj.fact_encounters: merge into HEALTHCARE_DB.STAGING_marts.fact_encounters as DBT_INTERNAL_DEST
        using HEALTHCARE_DB.STAGING_marts.fact_encounters__dbt_tmp as DBT_INTERNAL_SOURCE
        on ((DBT_INTERNAL_SOURCE.encounter_id = DBT_INTERNAL_DEST.encounter_id))

    
    when matched then update set
        "ENCOUNTER_ID" = DBT_INTERNAL_SOURCE."ENCOUNTER_ID","PATIENT_ID" = DBT_INTERNAL_SOURCE."PATIENT_ID","PROVIDER_ID" = DBT_INTERNAL_SOURCE."PROVIDER_ID","FACILITY_ID" = DBT_INTERNAL_SOURCE."FACILITY_ID","ENCOUNTER_TYPE" = DBT_INTERNAL_SOURCE."ENCOUNTER_TYPE","ENCOUNTER_DATE" = DBT_INTERNAL_SOURCE."ENCOUNTER_DATE","DISCHARGE_DATE" = DBT_INTERNAL_SOURCE."DISCHARGE_DATE","VALID_STAY" = DBT_INTERNAL_SOURCE."VALID_STAY","DISCHARGE_DISPOSITION" = DBT_INTERNAL_SOURCE."DISCHARGE_DISPOSITION","DIAGNOSIS_COUNT" = DBT_INTERNAL_SOURCE."DIAGNOSIS_COUNT","HAS_CARDIOVASCULAR_DX" = DBT_INTERNAL_SOURCE."HAS_CARDIOVASCULAR_DX","HAS_RESPIRATORY_DX" = DBT_INTERNAL_SOURCE."HAS_RESPIRATORY_DX","DISTINCT_MEDICATION_COUNT" = DBT_INTERNAL_SOURCE."DISTINCT_MEDICATION_COUNT"
    

    when not matched then insert
        ("ENCOUNTER_ID", "PATIENT_ID", "PROVIDER_ID", "FACILITY_ID", "ENCOUNTER_TYPE", "ENCOUNTER_DATE", "DISCHARGE_DATE", "VALID_STAY", "DISCHARGE_DISPOSITION", "DIAGNOSIS_COUNT", "HAS_CARDIOVASCULAR_DX", "HAS_RESPIRATORY_DX", "DISTINCT_MEDICATION_COUNT")
    values
        ("ENCOUNTER_ID", "PATIENT_ID", "PROVIDER_ID", "FACILITY_ID", "ENCOUNTER_TYPE", "ENCOUNTER_DATE", "DISCHARGE_DATE", "VALID_STAY", "DISCHARGE_DISPOSITION", "DIAGNOSIS_COUNT", "HAS_CARDIOVASCULAR_DX", "HAS_RESPIRATORY_DX", "DISTINCT_MEDICATION_COUNT")


/* {"app": "dbt", "dbt_version": "1.11.6", "profile_name": "healthcare_proj", "target_name": "prod", "node_id": "model.healthcare_proj.fact_encounters"} */;
[0m08:42:59.979124 [debug] [Thread-5 (]: SQL status: SUCCESS 9 in 0.051 seconds
[0m08:42:59.981561 [debug] [Thread-5 (]: Using snowflake connection "snapshot.healthcare_proj.snap_patient_insurance"
[0m08:42:59.981811 [debug] [Thread-5 (]: On snapshot.healthcare_proj.snap_patient_insurance: describe table "HEALTHCARE_DB"."SNAPSHOTS"."SNAP_PATIENT_INSURANCE"
/* {"app": "dbt", "dbt_version": "1.11.6", "profile_name": "healthcare_proj", "target_name": "prod", "node_id": "snapshot.healthcare_proj.snap_patient_insurance"} */
[0m08:43:00.018573 [debug] [Thread-5 (]: SQL status: SUCCESS 7 in 0.037 seconds
[0m08:43:00.020910 [debug] [Thread-5 (]: Using snowflake connection "snapshot.healthcare_proj.snap_patient_insurance"
[0m08:43:00.021151 [debug] [Thread-5 (]: On snapshot.healthcare_proj.snap_patient_insurance: describe table "HEALTHCARE_DB"."SNAPSHOTS"."SNAP_PATIENT_INSURANCE__dbt_tmp"
/* {"app": "dbt", "dbt_version": "1.11.6", "profile_name": "healthcare_proj", "target_name": "prod", "node_id": "snapshot.healthcare_proj.snap_patient_insurance"} */
[0m08:43:00.059081 [debug] [Thread-5 (]: SQL status: SUCCESS 9 in 0.038 seconds
[0m08:43:00.062026 [debug] [Thread-5 (]: Using snowflake connection "snapshot.healthcare_proj.snap_patient_insurance"
[0m08:43:00.062352 [debug] [Thread-5 (]: On snapshot.healthcare_proj.snap_patient_insurance: describe table "HEALTHCARE_DB"."SNAPSHOTS"."SNAP_PATIENT_INSURANCE"
/* {"app": "dbt", "dbt_version": "1.11.6", "profile_name": "healthcare_proj", "target_name": "prod", "node_id": "snapshot.healthcare_proj.snap_patient_insurance"} */
[0m08:43:00.086047 [debug] [Thread-9 (]: SQL status: SUCCESS 1 in 0.197 seconds
[0m08:43:00.087591 [debug] [Thread-9 (]: Sending event: {'category': 'dbt', 'action': 'run_model', 'label': '8d1b1a19-b0e4-4aa1-806b-604c3412d794', 'context': [<snowplow_tracker.self_describing_json.SelfDescribingJson object at 0x108032090>]}
[0m08:43:00.088051 [info ] [Thread-9 (]: 12 of 13 OK created sql view model STAGING_intermediate.int_patient_encounters . [[32mSUCCESS 1[0m in 0.24s]
[0m08:43:00.088429 [debug] [Thread-9 (]: Finished running node model.healthcare_proj.int_patient_encounters
[0m08:43:00.088780 [debug] [Thread-4 (]: Began running node model.healthcare_proj.int_patient_cohorts
[0m08:43:00.089051 [info ] [Thread-4 (]: 13 of 13 START sql view model STAGING_intermediate.int_patient_cohorts ......... [RUN]
[0m08:43:00.089300 [debug] [Thread-4 (]: Re-using an available connection from the pool (formerly test.healthcare_proj.unique_stg_patients_patient_id.8907d3ccf0, now model.healthcare_proj.int_patient_cohorts)
[0m08:43:00.089508 [debug] [Thread-4 (]: Began compiling node model.healthcare_proj.int_patient_cohorts
[0m08:43:00.093227 [debug] [Thread-4 (]: Writing injected SQL for node "model.healthcare_proj.int_patient_cohorts"
[0m08:43:00.093920 [debug] [Thread-4 (]: Began executing node model.healthcare_proj.int_patient_cohorts
[0m08:43:00.095589 [debug] [Thread-4 (]: Writing runtime sql for node "model.healthcare_proj.int_patient_cohorts"
[0m08:43:00.096769 [debug] [Thread-4 (]: Using snowflake connection "model.healthcare_proj.int_patient_cohorts"
[0m08:43:00.097014 [debug] [Thread-4 (]: On model.healthcare_proj.int_patient_cohorts: create or replace   view HEALTHCARE_DB.STAGING_intermediate.int_patient_cohorts
  
  
  
  
  as (
    with encounters as (
    select *
    from HEALTHCARE_DB.STAGING_intermediate.int_patient_encounters
),

--first encounter for each patient
first_encounters as (
    select
        patient_id,
        encounter_id,
        encounter_date,
        encounter_type,
        provider_id,
        provider_name,
        specialty
        from encounters
        qualify row_number() over(partition by patient_id order by encounter_date asc)=1
),
--Month activity windows
month_activity as (
    select
    patient_id,
    date_trunc('month', encounter_date) as month_start,
    max(encounter_date) as month_end,
    count(*) as encounter_count,
    count(distinct provider_id) as distinct_provider_count,
    max(encounter_type) as most_recent_encounter_type
    from encounters
    group by patient_id, date_trunc('month', encounter_date)
),

--Cohort summary
cohort_summary as (
    select
        patient_id,
        min(encounter_date) as first_encounter_date,
        max(encounter_date) as last_encounter_date,
        count(*) as total_encounters,
        count(distinct provider_id) as total_distinct_providers,
        max(encounter_type) as most_common_encounter_type
    from encounters
    group by patient_id
)
 select * from cohort_summary
  )
/* {"app": "dbt", "dbt_version": "1.11.6", "profile_name": "healthcare_proj", "target_name": "prod", "node_id": "model.healthcare_proj.int_patient_cohorts"} */;
[0m08:43:00.104706 [debug] [Thread-5 (]: SQL status: SUCCESS 7 in 0.042 seconds
[0m08:43:00.108966 [debug] [Thread-5 (]: Using snowflake connection "snapshot.healthcare_proj.snap_patient_insurance"
[0m08:43:00.109168 [debug] [Thread-5 (]: On snapshot.healthcare_proj.snap_patient_insurance: describe table "HEALTHCARE_DB"."SNAPSHOTS"."SNAP_PATIENT_INSURANCE__dbt_tmp"
/* {"app": "dbt", "dbt_version": "1.11.6", "profile_name": "healthcare_proj", "target_name": "prod", "node_id": "snapshot.healthcare_proj.snap_patient_insurance"} */
[0m08:43:00.146959 [debug] [Thread-5 (]: SQL status: SUCCESS 9 in 0.038 seconds
[0m08:43:00.155748 [debug] [Thread-5 (]: Using snowflake connection "snapshot.healthcare_proj.snap_patient_insurance"
[0m08:43:00.156203 [debug] [Thread-5 (]: On snapshot.healthcare_proj.snap_patient_insurance: select * from (
        
    
    with snapshot_query as (

        


select 
patient_id,
insurance_id,
insurance_type
from
HEALTHCARE_DB.RAW.patients

    ),

    snapshotted_data as (

        select *, 
    
        patient_id as dbt_unique_key
    

        from "HEALTHCARE_DB"."SNAPSHOTS"."SNAP_PATIENT_INSURANCE"
        where
            
                dbt_valid_to is null
            

    ),

    insertions_source_data as (

        select *, 
    
        patient_id as dbt_unique_key
    
,
            to_timestamp_ntz(convert_timezone('UTC', current_timestamp())) as dbt_updated_at,
            to_timestamp_ntz(convert_timezone('UTC', current_timestamp())) as dbt_valid_from,
            
  
  coalesce(nullif(to_timestamp_ntz(convert_timezone('UTC', current_timestamp())), to_timestamp_ntz(convert_timezone('UTC', current_timestamp()))), null)
  as dbt_valid_to
,
            md5(coalesce(cast(patient_id as varchar ), '')
         || '|' || coalesce(cast(to_timestamp_ntz(convert_timezone('UTC', current_timestamp())) as varchar ), '')
        ) as dbt_scd_id

        from snapshot_query
    ),

    updates_source_data as (

        select *, 
    
        patient_id as dbt_unique_key
    
,
            to_timestamp_ntz(convert_timezone('UTC', current_timestamp())) as dbt_updated_at,
            to_timestamp_ntz(convert_timezone('UTC', current_timestamp())) as dbt_valid_from,
            to_timestamp_ntz(convert_timezone('UTC', current_timestamp())) as dbt_valid_to

        from snapshot_query
    ),

    insertions as (

        select
            'insert' as dbt_change_type,
            source_data.*

        from insertions_source_data as source_data
        left outer join snapshotted_data
            on 
    
        snapshotted_data.dbt_unique_key = source_data.dbt_unique_key
    

            where 
    
        snapshotted_data.dbt_unique_key is null
    

            or (
    
        snapshotted_data.dbt_unique_key is not null
    
 and (
               (snapshotted_data."INSURANCE_ID" != source_data."INSURANCE_ID"
        or
        (
            ((snapshotted_data."INSURANCE_ID" is null) and not (source_data."INSURANCE_ID" is null))
            or
            ((not snapshotted_data."INSURANCE_ID" is null) and (source_data."INSURANCE_ID" is null))
        ))
            )

        )

    ),

    updates as (

        select
            'update' as dbt_change_type,
            source_data.*,
            snapshotted_data.dbt_scd_id

        from updates_source_data as source_data
        join snapshotted_data
            on 
    
        snapshotted_data.dbt_unique_key = source_data.dbt_unique_key
    

        where (
            (snapshotted_data."INSURANCE_ID" != source_data."INSURANCE_ID"
        or
        (
            ((snapshotted_data."INSURANCE_ID" is null) and not (source_data."INSURANCE_ID" is null))
            or
            ((not snapshotted_data."INSURANCE_ID" is null) and (source_data."INSURANCE_ID" is null))
        ))
        )
    )

    select * from insertions
    union all
    select * from updates

    ) as __dbt_sbq
    where false
    limit 0
/* {"app": "dbt", "dbt_version": "1.11.6", "profile_name": "healthcare_proj", "target_name": "prod", "node_id": "snapshot.healthcare_proj.snap_patient_insurance"} */
/* {"app": "dbt", "dbt_version": "1.11.6", "profile_name": "healthcare_proj", "target_name": "prod", "node_id": "snapshot.healthcare_proj.snap_patient_insurance"} */
[0m08:43:00.162554 [debug] [Thread-8 (]: SQL status: SUCCESS 0 in 0.224 seconds
[0m08:43:00.162875 [debug] [Thread-8 (]: Using snowflake connection "model.healthcare_proj.fact_encounters"
[0m08:43:00.163074 [debug] [Thread-8 (]: On model.healthcare_proj.fact_encounters: COMMIT
/* {"app": "dbt", "dbt_version": "1.11.6", "profile_name": "healthcare_proj", "target_name": "prod", "node_id": "model.healthcare_proj.fact_encounters"} */
[0m08:43:00.217822 [debug] [Thread-8 (]: SQL status: SUCCESS 1 in 0.054 seconds
[0m08:43:00.224438 [debug] [Thread-8 (]: Applying DROP to: HEALTHCARE_DB.STAGING_marts.fact_encounters__dbt_tmp
[0m08:43:00.228793 [debug] [Thread-8 (]: Using snowflake connection "model.healthcare_proj.fact_encounters"
[0m08:43:00.229085 [debug] [Thread-8 (]: On model.healthcare_proj.fact_encounters: drop view if exists HEALTHCARE_DB.STAGING_marts.fact_encounters__dbt_tmp cascade
/* {"app": "dbt", "dbt_version": "1.11.6", "profile_name": "healthcare_proj", "target_name": "prod", "node_id": "model.healthcare_proj.fact_encounters"} */
[0m08:43:00.271664 [debug] [Thread-5 (]: SQL status: SUCCESS 0 in 0.115 seconds
[0m08:43:00.272531 [debug] [Thread-5 (]: Using snowflake connection "snapshot.healthcare_proj.snap_patient_insurance"
[0m08:43:00.272832 [debug] [Thread-5 (]: On snapshot.healthcare_proj.snap_patient_insurance: select * from (
        select to_timestamp_ntz(convert_timezone('UTC', current_timestamp())) as dbt_snapshot_time
    ) as __dbt_sbq
    where false
    limit 0
/* {"app": "dbt", "dbt_version": "1.11.6", "profile_name": "healthcare_proj", "target_name": "prod", "node_id": "snapshot.healthcare_proj.snap_patient_insurance"} */
/* {"app": "dbt", "dbt_version": "1.11.6", "profile_name": "healthcare_proj", "target_name": "prod", "node_id": "snapshot.healthcare_proj.snap_patient_insurance"} */
[0m08:43:00.273874 [debug] [Thread-6 (]: SQL status: SUCCESS 6 in 0.389 seconds
[0m08:43:00.278239 [debug] [Thread-6 (]: Sending event: {'category': 'dbt', 'action': 'run_model', 'label': '8d1b1a19-b0e4-4aa1-806b-604c3412d794', 'context': [<snowplow_tracker.self_describing_json.SelfDescribingJson object at 0x108974c20>]}
[0m08:43:00.278861 [info ] [Thread-6 (]: 5 of 13 OK snapshotted snapshots.snap_provider ................................. [[32mSUCCESS 6[0m in 1.38s]
[0m08:43:00.279292 [debug] [Thread-6 (]: Finished running node snapshot.healthcare_proj.snap_provider
[0m08:43:00.289933 [debug] [Thread-8 (]: SQL status: SUCCESS 1 in 0.061 seconds
[0m08:43:00.291210 [debug] [Thread-8 (]: Sending event: {'category': 'dbt', 'action': 'run_model', 'label': '8d1b1a19-b0e4-4aa1-806b-604c3412d794', 'context': [<snowplow_tracker.self_describing_json.SelfDescribingJson object at 0x1077e8b60>]}
[0m08:43:00.291600 [info ] [Thread-8 (]: 6 of 13 OK created sql incremental model STAGING_marts.fact_encounters ......... [[32mSUCCESS 0[0m in 1.11s]
[0m08:43:00.291934 [debug] [Thread-8 (]: Finished running node model.healthcare_proj.fact_encounters
[0m08:43:00.312327 [debug] [Thread-5 (]: SQL status: SUCCESS 0 in 0.039 seconds
[0m08:43:00.312789 [debug] [Thread-5 (]: Writing runtime sql for node "snapshot.healthcare_proj.snap_patient_insurance"
[0m08:43:00.313926 [debug] [Thread-5 (]: Using snowflake connection "snapshot.healthcare_proj.snap_patient_insurance"
[0m08:43:00.314178 [debug] [Thread-5 (]: On snapshot.healthcare_proj.snap_patient_insurance: BEGIN
/* {"app": "dbt", "dbt_version": "1.11.6", "profile_name": "healthcare_proj", "target_name": "prod", "node_id": "snapshot.healthcare_proj.snap_patient_insurance"} */
[0m08:43:00.355484 [debug] [Thread-4 (]: SQL status: SUCCESS 1 in 0.258 seconds
[0m08:43:00.357208 [debug] [Thread-4 (]: Sending event: {'category': 'dbt', 'action': 'run_model', 'label': '8d1b1a19-b0e4-4aa1-806b-604c3412d794', 'context': [<snowplow_tracker.self_describing_json.SelfDescribingJson object at 0x107ba2630>]}
[0m08:43:00.357733 [info ] [Thread-4 (]: 13 of 13 OK created sql view model STAGING_intermediate.int_patient_cohorts .... [[32mSUCCESS 1[0m in 0.27s]
[0m08:43:00.358161 [debug] [Thread-4 (]: Finished running node model.healthcare_proj.int_patient_cohorts
[0m08:43:00.359060 [debug] [Thread-5 (]: SQL status: SUCCESS 1 in 0.045 seconds
[0m08:43:00.359389 [debug] [Thread-5 (]: Using snowflake connection "snapshot.healthcare_proj.snap_patient_insurance"
[0m08:43:00.359757 [debug] [Thread-5 (]: On snapshot.healthcare_proj.snap_patient_insurance: merge into "HEALTHCARE_DB"."SNAPSHOTS"."SNAP_PATIENT_INSURANCE" as DBT_INTERNAL_DEST
    using "HEALTHCARE_DB"."SNAPSHOTS"."SNAP_PATIENT_INSURANCE__dbt_tmp" as DBT_INTERNAL_SOURCE
    on DBT_INTERNAL_SOURCE.dbt_scd_id = DBT_INTERNAL_DEST.dbt_scd_id

    when matched
     
       and DBT_INTERNAL_DEST.dbt_valid_to is null
     
     and DBT_INTERNAL_SOURCE.dbt_change_type in ('update', 'delete')
        then update
        set dbt_valid_to = DBT_INTERNAL_SOURCE.dbt_valid_to

    when not matched
     and DBT_INTERNAL_SOURCE.dbt_change_type = 'insert'
        then insert ("PATIENT_ID", "INSURANCE_ID", "INSURANCE_TYPE", "DBT_UPDATED_AT", "DBT_VALID_FROM", "DBT_VALID_TO", "DBT_SCD_ID")
        values ("PATIENT_ID", "INSURANCE_ID", "INSURANCE_TYPE", "DBT_UPDATED_AT", "DBT_VALID_FROM", "DBT_VALID_TO", "DBT_SCD_ID")


/* {"app": "dbt", "dbt_version": "1.11.6", "profile_name": "healthcare_proj", "target_name": "prod", "node_id": "snapshot.healthcare_proj.snap_patient_insurance"} */;
[0m08:43:00.490167 [debug] [Thread-5 (]: SQL status: SUCCESS 0 in 0.130 seconds
[0m08:43:00.490938 [debug] [Thread-5 (]: Using snowflake connection "snapshot.healthcare_proj.snap_patient_insurance"
[0m08:43:00.491395 [debug] [Thread-5 (]: On snapshot.healthcare_proj.snap_patient_insurance: COMMIT
/* {"app": "dbt", "dbt_version": "1.11.6", "profile_name": "healthcare_proj", "target_name": "prod", "node_id": "snapshot.healthcare_proj.snap_patient_insurance"} */
[0m08:43:00.520290 [debug] [Thread-2 (]: SQL status: SUCCESS 8 in 0.632 seconds
[0m08:43:00.523137 [debug] [Thread-2 (]: Sending event: {'category': 'dbt', 'action': 'run_model', 'label': '8d1b1a19-b0e4-4aa1-806b-604c3412d794', 'context': [<snowplow_tracker.self_describing_json.SelfDescribingJson object at 0x1081fde20>]}
[0m08:43:00.523875 [info ] [Thread-2 (]: 11 of 13 OK created sql table model STAGING_marts.dim_patient .................. [[32mSUCCESS 8[0m in 0.67s]
[0m08:43:00.524466 [debug] [Thread-2 (]: Finished running node model.healthcare_proj.dim_patient
[0m08:43:00.545414 [debug] [Thread-5 (]: SQL status: SUCCESS 1 in 0.054 seconds
[0m08:43:00.549709 [debug] [Thread-5 (]: Sending event: {'category': 'dbt', 'action': 'run_model', 'label': '8d1b1a19-b0e4-4aa1-806b-604c3412d794', 'context': [<snowplow_tracker.self_describing_json.SelfDescribingJson object at 0x10804c170>]}
[0m08:43:00.550677 [info ] [Thread-5 (]: 4 of 13 OK snapshotted snapshots.snap_patient_insurance ........................ [[32mSUCCESS 0[0m in 1.66s]
[0m08:43:00.551201 [debug] [Thread-5 (]: Finished running node snapshot.healthcare_proj.snap_patient_insurance
[0m08:43:00.553158 [debug] [MainThread]: Connection 'master' was properly closed.
[0m08:43:00.553649 [debug] [MainThread]: Connection 'model.healthcare_proj.dim_patient' was left open.
[0m08:43:00.553922 [debug] [MainThread]: On model.healthcare_proj.dim_patient: Close
[0m08:43:00.596719 [debug] [MainThread]: Connection 'test.healthcare_proj.accepted_values_stg_patients_gender__M__F__O.8592a557cd' was left open.
[0m08:43:00.597153 [debug] [MainThread]: On test.healthcare_proj.accepted_values_stg_patients_gender__M__F__O.8592a557cd: Close
[0m08:43:00.640346 [debug] [MainThread]: Connection 'model.healthcare_proj.int_patient_cohorts' was left open.
[0m08:43:00.640820 [debug] [MainThread]: On model.healthcare_proj.int_patient_cohorts: Close
[0m08:43:00.690670 [debug] [MainThread]: Connection 'snapshot.healthcare_proj.snap_patient_insurance' was left open.
[0m08:43:00.691268 [debug] [MainThread]: On snapshot.healthcare_proj.snap_patient_insurance: Close
[0m08:43:00.737921 [debug] [MainThread]: Connection 'snapshot.healthcare_proj.snap_provider' was left open.
[0m08:43:00.738413 [debug] [MainThread]: On snapshot.healthcare_proj.snap_provider: Close
[0m08:43:00.777389 [debug] [MainThread]: Connection 'model.healthcare_proj.fact_encounters' was left open.
[0m08:43:00.777925 [debug] [MainThread]: On model.healthcare_proj.fact_encounters: Close
[0m08:43:00.820586 [debug] [MainThread]: Connection 'model.healthcare_proj.int_patient_encounters' was left open.
[0m08:43:00.821138 [debug] [MainThread]: On model.healthcare_proj.int_patient_encounters: Close
[0m08:43:00.863934 [debug] [MainThread]: Connection 'test.healthcare_proj.not_null_stg_patients_patient_id.e578180344' was left open.
[0m08:43:00.864506 [debug] [MainThread]: On test.healthcare_proj.not_null_stg_patients_patient_id.e578180344: Close
[0m08:43:00.908456 [info ] [MainThread]: 
[0m08:43:00.908965 [info ] [MainThread]: Finished running 1 incremental model, 2 snapshots, 1 table model, 3 data tests, 6 view models in 0 hours 0 minutes and 2.95 seconds (2.95s).
[0m08:43:00.911336 [debug] [MainThread]: Command end result
[0m08:43:00.934521 [debug] [MainThread]: Wrote artifact WritableManifest to /Users/rajarshiraychaudhuri/Documents/RajRayc_Git/healthcare_proj/target/manifest.json
[0m08:43:00.936281 [debug] [MainThread]: Wrote artifact SemanticManifest to /Users/rajarshiraychaudhuri/Documents/RajRayc_Git/healthcare_proj/target/semantic_manifest.json
[0m08:43:00.939881 [debug] [MainThread]: Wrote artifact RunExecutionResult to /Users/rajarshiraychaudhuri/Documents/RajRayc_Git/healthcare_proj/target/run_results.json
[0m08:43:00.940060 [info ] [MainThread]: 
[0m08:43:00.940251 [info ] [MainThread]: [32mCompleted successfully[0m
[0m08:43:00.940402 [info ] [MainThread]: 
[0m08:43:00.940566 [info ] [MainThread]: Done. PASS=13 WARN=0 ERROR=0 SKIP=0 NO-OP=0 TOTAL=13
[0m08:43:00.943522 [debug] [MainThread]: Resource report: {"command_name": "build", "command_success": true, "command_wall_clock_time": 4.288991, "process_in_blocks": "0", "process_kernel_time": 0.316833, "process_mem_max_rss": "196624384", "process_out_blocks": "0", "process_user_time": 3.148908}
[0m08:43:00.943843 [debug] [MainThread]: Command `dbt build` succeeded at 08:43:00.943772 after 4.29 seconds
[0m08:43:00.944086 [debug] [MainThread]: Sending event: {'category': 'dbt', 'action': 'invocation', 'label': 'end', 'context': [<snowplow_tracker.self_describing_json.SelfDescribingJson object at 0x10804a690>, <snowplow_tracker.self_describing_json.SelfDescribingJson object at 0x107d21f10>, <snowplow_tracker.self_describing_json.SelfDescribingJson object at 0x101673a70>]}
[0m08:43:00.944294 [debug] [MainThread]: Flushing usage events
[0m08:43:02.066540 [debug] [MainThread]: An error was encountered while trying to flush usage events
[0m08:44:18.003216 [debug] [MainThread]: Sending event: {'category': 'dbt', 'action': 'invocation', 'label': 'start', 'context': [<snowplow_tracker.self_describing_json.SelfDescribingJson object at 0x1040527e0>, <snowplow_tracker.self_describing_json.SelfDescribingJson object at 0x1057e8740>, <snowplow_tracker.self_describing_json.SelfDescribingJson object at 0x1057e84a0>]}


============================== 08:44:18.005376 | 3900dc97-11ed-4cd9-8094-5f635ed0d0aa ==============================
[0m08:44:18.005376 [info ] [MainThread]: Running with dbt=1.11.6
[0m08:44:18.005655 [debug] [MainThread]: running dbt with arguments {'introspect': 'True', 'profiles_dir': '/Users/rajarshiraychaudhuri/Documents/RajRayc_Git/healthcare_proj', 'partial_parse': 'True', 'send_anonymous_usage_stats': 'True', 'empty': 'None', 'invocation_command': 'dbt debug', 'use_colors': 'True', 'warn_error': 'None', 'warn_error_options': 'WarnErrorOptionsV2(error=[], warn=[], silence=[])', 'use_experimental_parser': 'False', 'indirect_selection': 'eager', 'target_path': 'None', 'cache_selected_only': 'False', 'no_print': 'None', 'log_cache_events': 'False', 'log_format': 'default', 'quiet': 'False', 'static_parser': 'True', 'log_path': '/Users/rajarshiraychaudhuri/Documents/RajRayc_Git/healthcare_proj/logs', 'printer_width': '80', 'debug': 'False', 'version_check': 'True', 'write_json': 'True', 'fail_fast': 'False'}
[0m08:44:18.010815 [info ] [MainThread]: dbt version: 1.11.6
[0m08:44:18.010953 [info ] [MainThread]: python version: 3.12.10
[0m08:44:18.011064 [info ] [MainThread]: python path: /Users/rajarshiraychaudhuri/Documents/RajRayc_Git/healthcare_proj/.venv/bin/python3.12
[0m08:44:18.011170 [info ] [MainThread]: os info: macOS-26.5.1-arm64-arm-64bit
[0m08:44:18.145757 [debug] [MainThread]: Snowflake adapter: Setting snowflake.connector to ERROR (file logging only)
[0m08:44:18.146434 [debug] [MainThread]: Snowflake adapter: Setting botocore to ERROR (file logging only)
[0m08:44:18.146711 [debug] [MainThread]: Snowflake adapter: Setting boto3 to ERROR (file logging only)
[0m08:44:18.174931 [info ] [MainThread]: Using profiles dir at /Users/rajarshiraychaudhuri/Documents/RajRayc_Git/healthcare_proj
[0m08:44:18.175163 [info ] [MainThread]: Using profiles.yml file at /Users/rajarshiraychaudhuri/Documents/RajRayc_Git/healthcare_proj/profiles.yml
[0m08:44:18.175293 [info ] [MainThread]: Using dbt_project.yml file at /Users/rajarshiraychaudhuri/Documents/RajRayc_Git/healthcare_proj/dbt_project.yml
[0m08:44:18.175506 [info ] [MainThread]: adapter type: snowflake
[0m08:44:18.175615 [info ] [MainThread]: adapter version: 1.11.6
[0m08:44:18.224297 [info ] [MainThread]: Configuration:
[0m08:44:18.224544 [info ] [MainThread]:   profiles.yml file [[32mOK found and valid[0m]
[0m08:44:18.224665 [info ] [MainThread]:   dbt_project.yml file [[32mOK found and valid[0m]
[0m08:44:18.224772 [info ] [MainThread]: Required dependencies:
[0m08:44:18.224949 [debug] [MainThread]: Executing "git --help"
[0m08:44:18.237138 [debug] [MainThread]: STDOUT: "b"usage: git [-v | --version] [-h | --help] [-C <path>] [-c <name>=<value>]\n           [--exec-path[=<path>]] [--html-path] [--man-path] [--info-path]\n           [-p | --paginate | -P | --no-pager] [--no-replace-objects] [--no-lazy-fetch]\n           [--no-optional-locks] [--no-advice] [--bare] [--git-dir=<path>]\n           [--work-tree=<path>] [--namespace=<name>] [--config-env=<name>=<envvar>]\n           <command> [<args>]\n\nThese are common Git commands used in various situations:\n\nstart a working area (see also: git help tutorial)\n   clone      Clone a repository into a new directory\n   init       Create an empty Git repository or reinitialize an existing one\n\nwork on the current change (see also: git help everyday)\n   add        Add file contents to the index\n   mv         Move or rename a file, a directory, or a symlink\n   restore    Restore working tree files\n   rm         Remove files from the working tree and from the index\n\nexamine the history and state (see also: git help revisions)\n   bisect     Use binary search to find the commit that introduced a bug\n   diff       Show changes between commits, commit and working tree, etc\n   grep       Print lines matching a pattern\n   log        Show commit logs\n   show       Show various types of objects\n   status     Show the working tree status\n\ngrow, mark and tweak your common history\n   backfill   Download missing objects in a partial clone\n   branch     List, create, or delete branches\n   commit     Record changes to the repository\n   merge      Join two or more development histories together\n   rebase     Reapply commits on top of another base tip\n   reset      Reset current HEAD to the specified state\n   switch     Switch branches\n   tag        Create, list, delete or verify a tag object signed with GPG\n\ncollaborate (see also: git help workflows)\n   fetch      Download objects and refs from another repository\n   pull       Fetch from and integrate with another repository or a local branch\n   push       Update remote refs along with associated objects\n\n'git help -a' and 'git help -g' list available subcommands and some\nconcept guides. See 'git help <command>' or 'git help <concept>'\nto read about a specific subcommand or concept.\nSee 'git help git' for an overview of the system.\n""
[0m08:44:18.237634 [debug] [MainThread]: STDERR: "b''"
[0m08:44:18.237803 [info ] [MainThread]:  - git [[32mOK found[0m]

[0m08:44:18.238085 [info ] [MainThread]: Connection:
[0m08:44:18.238369 [info ] [MainThread]:   account: EXTXVUH-GR67914
[0m08:44:18.238541 [info ] [MainThread]:   user: RRC1408
[0m08:44:18.238667 [info ] [MainThread]:   database: HEALTHCARE_DB
[0m08:44:18.238796 [info ] [MainThread]:   warehouse: HEALTHCARE_WH
[0m08:44:18.238898 [info ] [MainThread]:   role: DBT_ROLE
[0m08:44:18.239004 [info ] [MainThread]:   schema: STAGING
[0m08:44:18.239104 [info ] [MainThread]:   authenticator: None
[0m08:44:18.239206 [info ] [MainThread]:   oauth_client_id: None
[0m08:44:18.239302 [info ] [MainThread]:   query_tag: None
[0m08:44:18.239402 [info ] [MainThread]:   client_session_keep_alive: False
[0m08:44:18.239512 [info ] [MainThread]:   host: None
[0m08:44:18.239612 [info ] [MainThread]:   port: None
[0m08:44:18.239708 [info ] [MainThread]:   proxy_host: None
[0m08:44:18.239809 [info ] [MainThread]:   proxy_port: None
[0m08:44:18.239904 [info ] [MainThread]:   protocol: None
[0m08:44:18.240002 [info ] [MainThread]:   connect_retries: 1
[0m08:44:18.240098 [info ] [MainThread]:   connect_timeout: None
[0m08:44:18.240194 [info ] [MainThread]:   retry_on_database_errors: False
[0m08:44:18.240294 [info ] [MainThread]:   retry_all: False
[0m08:44:18.240391 [info ] [MainThread]:   insecure_mode: False
[0m08:44:18.240484 [info ] [MainThread]:   reuse_connections: True
[0m08:44:18.240583 [info ] [MainThread]:   s3_stage_vpce_dns_name: None
[0m08:44:18.240681 [info ] [MainThread]:   platform_detection_timeout_seconds: 0.0
[0m08:44:18.241032 [info ] [MainThread]: Registered adapter: snowflake=1.11.6
[0m08:44:18.293012 [debug] [MainThread]: Acquiring new snowflake connection 'debug'
[0m08:44:18.310969 [debug] [MainThread]: Using snowflake connection "debug"
[0m08:44:18.311152 [debug] [MainThread]: On debug: select 1 as id
[0m08:44:18.311260 [debug] [MainThread]: Opening a new connection, currently in state init
[0m08:44:18.624914 [debug] [MainThread]: SQL status: SUCCESS 1 in 0.314 seconds
[0m08:44:18.625659 [info ] [MainThread]:   Connection test: [[32mOK connection ok[0m]

[0m08:44:18.625916 [info ] [MainThread]: [32mAll checks passed![0m
[0m08:44:18.628269 [debug] [MainThread]: Resource report: {"command_name": "debug", "command_success": true, "command_wall_clock_time": 0.65965784, "process_in_blocks": "0", "process_kernel_time": 0.162354, "process_mem_max_rss": "164249600", "process_out_blocks": "0", "process_user_time": 0.998807}
[0m08:44:18.628561 [debug] [MainThread]: Command `dbt debug` succeeded at 08:44:18.628500 after 0.66 seconds
[0m08:44:18.628760 [debug] [MainThread]: Connection 'debug' was left open.
[0m08:44:18.628921 [debug] [MainThread]: On debug: Close
[0m08:44:18.671445 [debug] [MainThread]: Sending event: {'category': 'dbt', 'action': 'invocation', 'label': 'end', 'context': [<snowplow_tracker.self_describing_json.SelfDescribingJson object at 0x1050a2870>, <snowplow_tracker.self_describing_json.SelfDescribingJson object at 0x107b78f80>, <snowplow_tracker.self_describing_json.SelfDescribingJson object at 0x1077e7260>]}
[0m08:44:18.671799 [debug] [MainThread]: Flushing usage events
[0m08:44:19.619253 [debug] [MainThread]: An error was encountered while trying to flush usage events
[0m08:58:59.741288 [debug] [MainThread]: Sending event: {'category': 'dbt', 'action': 'invocation', 'label': 'start', 'context': [<snowplow_tracker.self_describing_json.SelfDescribingJson object at 0x1120eb890>, <snowplow_tracker.self_describing_json.SelfDescribingJson object at 0x1128e8bc0>, <snowplow_tracker.self_describing_json.SelfDescribingJson object at 0x1128e8950>]}


============================== 08:58:59.743932 | 7ad56093-8cbf-434d-8cf4-2d68ab0b2a39 ==============================
[0m08:58:59.743932 [info ] [MainThread]: Running with dbt=1.11.6
[0m08:58:59.744192 [debug] [MainThread]: running dbt with arguments {'printer_width': '80', 'write_json': 'True', 'log_format': 'default', 'warn_error': 'None', 'profiles_dir': '/Users/rajarshiraychaudhuri/Documents/RajRayc_Git/healthcare_proj', 'target_path': 'None', 'warn_error_options': 'WarnErrorOptionsV2(error=[], warn=[], silence=[])', 'log_path': '/Users/rajarshiraychaudhuri/Documents/RajRayc_Git/healthcare_proj/logs', 'use_experimental_parser': 'False', 'partial_parse': 'True', 'use_colors': 'True', 'quiet': 'False', 'cache_selected_only': 'False', 'debug': 'False', 'invocation_command': 'dbt run', 'fail_fast': 'False', 'send_anonymous_usage_stats': 'True', 'version_check': 'True', 'empty': 'False', 'static_parser': 'True', 'introspect': 'True', 'indirect_selection': 'eager', 'no_print': 'None', 'log_cache_events': 'False'}
[0m08:58:59.934969 [debug] [MainThread]: Snowflake adapter: Setting snowflake.connector to ERROR (file logging only)
[0m08:58:59.935259 [debug] [MainThread]: Snowflake adapter: Setting botocore to ERROR (file logging only)
[0m08:58:59.935403 [debug] [MainThread]: Snowflake adapter: Setting boto3 to ERROR (file logging only)
[0m08:59:00.065880 [debug] [MainThread]: Sending event: {'category': 'dbt', 'action': 'project_id', 'label': '7ad56093-8cbf-434d-8cf4-2d68ab0b2a39', 'context': [<snowplow_tracker.self_describing_json.SelfDescribingJson object at 0x115edc7d0>]}
[0m08:59:00.095818 [debug] [MainThread]: Sending event: {'category': 'dbt', 'action': 'adapter_info', 'label': '7ad56093-8cbf-434d-8cf4-2d68ab0b2a39', 'context': [<snowplow_tracker.self_describing_json.SelfDescribingJson object at 0x115e2d100>]}
[0m08:59:00.096491 [info ] [MainThread]: Registered adapter: snowflake=1.11.6
[0m08:59:00.155651 [debug] [MainThread]: checksum: ec27062d18352e9cfca161c166fcc73d2201661a23a3cf3c89196a27f32cfcb8, vars: {}, profile: , target: , version: 1.11.6
[0m08:59:00.201128 [info ] [MainThread]: Unable to do partial parsing because config vars, config profile, or config target have changed
[0m08:59:00.201360 [debug] [MainThread]: previous checksum: ec27062d18352e9cfca161c166fcc73d2201661a23a3cf3c89196a27f32cfcb8, current checksum: fda039cb47cdf0e627679f660a87812f9dc734dcd251ec88b5466764946323e4
[0m08:59:00.201497 [debug] [MainThread]: Sending event: {'category': 'dbt', 'action': 'partial_parser', 'label': '7ad56093-8cbf-434d-8cf4-2d68ab0b2a39', 'context': [<snowplow_tracker.self_describing_json.SelfDescribingJson object at 0x112120080>]}
[0m08:59:00.888042 [debug] [MainThread]: Sending event: {'category': 'dbt', 'action': 'load_project', 'label': '7ad56093-8cbf-434d-8cf4-2d68ab0b2a39', 'context': [<snowplow_tracker.self_describing_json.SelfDescribingJson object at 0x117158680>]}
[0m08:59:00.924885 [debug] [MainThread]: Wrote artifact WritableManifest to /Users/rajarshiraychaudhuri/Documents/RajRayc_Git/healthcare_proj/target/manifest.json
[0m08:59:00.926149 [debug] [MainThread]: Wrote artifact SemanticManifest to /Users/rajarshiraychaudhuri/Documents/RajRayc_Git/healthcare_proj/target/semantic_manifest.json
[0m08:59:00.937080 [debug] [MainThread]: Sending event: {'category': 'dbt', 'action': 'resource_counts', 'label': '7ad56093-8cbf-434d-8cf4-2d68ab0b2a39', 'context': [<snowplow_tracker.self_describing_json.SelfDescribingJson object at 0x1171ac080>]}
[0m08:59:00.937287 [info ] [MainThread]: Found 8 models, 2 snapshots, 3 data tests, 6 sources, 542 macros
[0m08:59:00.937425 [debug] [MainThread]: Sending event: {'category': 'dbt', 'action': 'runnable_timing', 'label': '7ad56093-8cbf-434d-8cf4-2d68ab0b2a39', 'context': [<snowplow_tracker.self_describing_json.SelfDescribingJson object at 0x1171dbf80>]}
[0m08:59:00.938276 [info ] [MainThread]: 
[0m08:59:00.938409 [info ] [MainThread]: Concurrency: 4 threads (target='dev')
[0m08:59:00.938519 [info ] [MainThread]: 
[0m08:59:00.938704 [debug] [MainThread]: Acquiring new snowflake connection 'master'
[0m08:59:00.940595 [debug] [ThreadPool]: Acquiring new snowflake connection 'list_HEALTHCARE_DB'
[0m08:59:00.945696 [debug] [ThreadPool]: Acquiring new snowflake connection 'list_HEALTHCARE_DB'
[0m08:59:00.946659 [debug] [ThreadPool]: Acquiring new snowflake connection 'list_HEALTHCARE_DB'
[0m08:59:00.969461 [debug] [ThreadPool]: Using snowflake connection "list_HEALTHCARE_DB"
[0m08:59:00.969701 [debug] [ThreadPool]: Using snowflake connection "list_HEALTHCARE_DB"
[0m08:59:00.969899 [debug] [ThreadPool]: Using snowflake connection "list_HEALTHCARE_DB"
[0m08:59:00.970054 [debug] [ThreadPool]: On list_HEALTHCARE_DB: show terse schemas in database HEALTHCARE_DB
    limit 10000
/* {"app": "dbt", "dbt_version": "1.11.6", "profile_name": "healthcare_proj", "target_name": "dev", "connection_name": "list_HEALTHCARE_DB"} */
[0m08:59:00.970183 [debug] [ThreadPool]: On list_HEALTHCARE_DB: show terse schemas in database HEALTHCARE_DB
    limit 10000
/* {"app": "dbt", "dbt_version": "1.11.6", "profile_name": "healthcare_proj", "target_name": "dev", "connection_name": "list_HEALTHCARE_DB"} */
[0m08:59:00.970320 [debug] [ThreadPool]: On list_HEALTHCARE_DB: show terse schemas in database HEALTHCARE_DB
    limit 10000
/* {"app": "dbt", "dbt_version": "1.11.6", "profile_name": "healthcare_proj", "target_name": "dev", "connection_name": "list_HEALTHCARE_DB"} */
[0m08:59:00.970445 [debug] [ThreadPool]: Opening a new connection, currently in state init
[0m08:59:00.970549 [debug] [ThreadPool]: Opening a new connection, currently in state init
[0m08:59:00.970659 [debug] [ThreadPool]: Opening a new connection, currently in state init
[0m08:59:01.615176 [debug] [ThreadPool]: SQL status: SUCCESS 10 in 0.644 seconds
[0m08:59:01.617764 [debug] [ThreadPool]: SQL status: SUCCESS 10 in 0.647 seconds
[0m08:59:01.618409 [debug] [ThreadPool]: SQL status: SUCCESS 10 in 0.648 seconds
[0m08:59:01.621455 [debug] [ThreadPool]: Re-using an available connection from the pool (formerly list_HEALTHCARE_DB, now list_HEALTHCARE_DB_STAGING_intermediate)
[0m08:59:01.628583 [debug] [ThreadPool]: Re-using an available connection from the pool (formerly list_HEALTHCARE_DB, now list_HEALTHCARE_DB_STAGING_marts)
[0m08:59:01.628898 [debug] [ThreadPool]: Re-using an available connection from the pool (formerly list_HEALTHCARE_DB, now list_HEALTHCARE_DB_snapshots)
[0m08:59:01.636314 [debug] [ThreadPool]: Using snowflake connection "list_HEALTHCARE_DB_STAGING_intermediate"
[0m08:59:01.636637 [debug] [ThreadPool]: Acquiring new snowflake connection 'list_HEALTHCARE_DB_STAGING_staging'
[0m08:59:01.636985 [debug] [ThreadPool]: Using snowflake connection "list_HEALTHCARE_DB_STAGING_marts"
[0m08:59:01.638203 [debug] [ThreadPool]: Using snowflake connection "list_HEALTHCARE_DB_snapshots"
[0m08:59:01.638397 [debug] [ThreadPool]: On list_HEALTHCARE_DB_STAGING_intermediate: show objects in HEALTHCARE_DB.STAGING_intermediate
    limit 10000
    

/* {"app": "dbt", "dbt_version": "1.11.6", "profile_name": "healthcare_proj", "target_name": "dev", "connection_name": "list_HEALTHCARE_DB_STAGING_intermediate"} */;
[0m08:59:01.639527 [debug] [ThreadPool]: Using snowflake connection "list_HEALTHCARE_DB_STAGING_staging"
[0m08:59:01.639679 [debug] [ThreadPool]: On list_HEALTHCARE_DB_STAGING_marts: show objects in HEALTHCARE_DB.STAGING_marts
    limit 10000
    

/* {"app": "dbt", "dbt_version": "1.11.6", "profile_name": "healthcare_proj", "target_name": "dev", "connection_name": "list_HEALTHCARE_DB_STAGING_marts"} */;
[0m08:59:01.639825 [debug] [ThreadPool]: On list_HEALTHCARE_DB_snapshots: show objects in HEALTHCARE_DB.snapshots
    limit 10000
    

/* {"app": "dbt", "dbt_version": "1.11.6", "profile_name": "healthcare_proj", "target_name": "dev", "connection_name": "list_HEALTHCARE_DB_snapshots"} */;
[0m08:59:01.640041 [debug] [ThreadPool]: On list_HEALTHCARE_DB_STAGING_staging: show objects in HEALTHCARE_DB.STAGING_staging
    limit 10000
    

/* {"app": "dbt", "dbt_version": "1.11.6", "profile_name": "healthcare_proj", "target_name": "dev", "connection_name": "list_HEALTHCARE_DB_STAGING_staging"} */;
[0m08:59:01.641349 [debug] [ThreadPool]: Opening a new connection, currently in state init
[0m08:59:01.706555 [debug] [ThreadPool]: SQL status: SUCCESS 2 in 0.066 seconds
[0m08:59:01.707675 [debug] [ThreadPool]: SQL status: SUCCESS 2 in 0.067 seconds
[0m08:59:01.709012 [debug] [ThreadPool]: SQL status: SUCCESS 3 in 0.069 seconds
[0m08:59:01.868490 [debug] [ThreadPool]: SQL status: SUCCESS 3 in 0.227 seconds
[0m08:59:01.870340 [debug] [MainThread]: Sending event: {'category': 'dbt', 'action': 'runnable_timing', 'label': '7ad56093-8cbf-434d-8cf4-2d68ab0b2a39', 'context': [<snowplow_tracker.self_describing_json.SelfDescribingJson object at 0x1175c8dd0>]}
[0m08:59:01.873081 [debug] [Thread-2 (]: Began running node model.healthcare_proj.stg_claims
[0m08:59:01.873351 [debug] [Thread-3 (]: Began running node model.healthcare_proj.stg_encounters
[0m08:59:01.873562 [debug] [Thread-4 (]: Began running node model.healthcare_proj.stg_patients
[0m08:59:01.873861 [info ] [Thread-2 (]: 1 of 8 START sql view model STAGING_staging.stg_claims ......................... [RUN]
[0m08:59:01.874172 [info ] [Thread-3 (]: 2 of 8 START sql view model STAGING_staging.stg_encounters ..................... [RUN]
[0m08:59:01.874501 [info ] [Thread-4 (]: 3 of 8 START sql view model STAGING_staging.stg_patients ....................... [RUN]
[0m08:59:01.874780 [debug] [Thread-2 (]: Re-using an available connection from the pool (formerly list_HEALTHCARE_DB_STAGING_intermediate, now model.healthcare_proj.stg_claims)
[0m08:59:01.874987 [debug] [Thread-3 (]: Re-using an available connection from the pool (formerly list_HEALTHCARE_DB_STAGING_marts, now model.healthcare_proj.stg_encounters)
[0m08:59:01.875179 [debug] [Thread-4 (]: Re-using an available connection from the pool (formerly list_HEALTHCARE_DB_snapshots, now model.healthcare_proj.stg_patients)
[0m08:59:01.875378 [debug] [Thread-2 (]: Began compiling node model.healthcare_proj.stg_claims
[0m08:59:01.875571 [debug] [Thread-3 (]: Began compiling node model.healthcare_proj.stg_encounters
[0m08:59:01.875746 [debug] [Thread-4 (]: Began compiling node model.healthcare_proj.stg_patients
[0m08:59:01.880716 [debug] [Thread-2 (]: Writing injected SQL for node "model.healthcare_proj.stg_claims"
[0m08:59:01.882281 [debug] [Thread-3 (]: Writing injected SQL for node "model.healthcare_proj.stg_encounters"
[0m08:59:01.884052 [debug] [Thread-4 (]: Writing injected SQL for node "model.healthcare_proj.stg_patients"
[0m08:59:01.884570 [debug] [Thread-2 (]: Began executing node model.healthcare_proj.stg_claims
[0m08:59:01.900779 [debug] [Thread-2 (]: Writing runtime sql for node "model.healthcare_proj.stg_claims"
[0m08:59:01.901214 [debug] [Thread-3 (]: Began executing node model.healthcare_proj.stg_encounters
[0m08:59:01.903396 [debug] [Thread-3 (]: Writing runtime sql for node "model.healthcare_proj.stg_encounters"
[0m08:59:01.903591 [debug] [Thread-4 (]: Began executing node model.healthcare_proj.stg_patients
[0m08:59:01.904755 [debug] [Thread-4 (]: Writing runtime sql for node "model.healthcare_proj.stg_patients"
[0m08:59:01.905216 [debug] [Thread-2 (]: Using snowflake connection "model.healthcare_proj.stg_claims"
[0m08:59:01.905455 [debug] [Thread-2 (]: On model.healthcare_proj.stg_claims: create or replace   view HEALTHCARE_DB.STAGING_staging.stg_claims
  
  
  
  
  as (
    with source as(
    select * from HEALTHCARE_DB.RAW.claims
),
cleaned as (
    select
        claim_id,
        patient_id,
        encounter_id,
        payer_id,
        initcap(trim(claim_type)) as claim_type,
        submitted_date,
        paid_date
        --financial data
        billed_amount,
        paid_amount,
        allowed_amount,
        --claim status
        initcap(trim(claim_status)) as claim_status
        from source
)
select * from cleaned
  )
/* {"app": "dbt", "dbt_version": "1.11.6", "profile_name": "healthcare_proj", "target_name": "dev", "node_id": "model.healthcare_proj.stg_claims"} */;
[0m08:59:01.906108 [debug] [Thread-3 (]: Using snowflake connection "model.healthcare_proj.stg_encounters"
[0m08:59:01.906442 [debug] [Thread-3 (]: On model.healthcare_proj.stg_encounters: create or replace   view HEALTHCARE_DB.STAGING_staging.stg_encounters
  
  
  
  
  as (
    with source as (
    select * from HEALTHCARE_DB.RAW.encounters
),
cleaned as (
    select 
        --ids
        encounter_id,
        patient_id,
        provider_id,
        facility_id,
        initcap(trim(encounter_type)) as encounter_type,
        --date validations
        encounter_date,
        discharge_date,
        case when discharge_date is not null and discharge_date> encounter_date then true else false end as valid_stay,
        discharge_disposition
    from source
)
select * from cleaned
  )
/* {"app": "dbt", "dbt_version": "1.11.6", "profile_name": "healthcare_proj", "target_name": "dev", "node_id": "model.healthcare_proj.stg_encounters"} */;
[0m08:59:01.907302 [debug] [Thread-4 (]: Using snowflake connection "model.healthcare_proj.stg_patients"
[0m08:59:01.907600 [debug] [Thread-4 (]: On model.healthcare_proj.stg_patients: create or replace   view HEALTHCARE_DB.STAGING_staging.stg_patients
  
  
  
  
  as (
    with source as (
    select * from HEALTHCARE_DB.RAW.patients
)
,
cleaned as (
    select 
        patient_id,
        --name cleaning
        initcap(trim(first_name)) as first_name,
        initcap(trim(last_name)) as last_name,
        initcap(trim(first_name)) || ' ' || initcap(trim(last_name)) as full_name,
        dob as dateofbirth,
        floor(datediff(day, dob, current_date()) / 365.25) as current_age,
        case
        when floor(datediff(day, dob, current_date()) / 365.25) < 18 then 'Child'
        when floor(datediff(day, dob, current_date()) / 365.25) between 18 and 64 then 'Adult'
        else 'Senior'
        end as age_group,
        upper(trim(gender)) as gender,
        trim(race) as race,
        trim(ethnicity) as ethnicity,
        zip_code,
        upper(state) as state,
        insurance_type,
        insurance_id,
        pcp_provider_id
    from source
)

select * from cleaned
  )
/* {"app": "dbt", "dbt_version": "1.11.6", "profile_name": "healthcare_proj", "target_name": "dev", "node_id": "model.healthcare_proj.stg_patients"} */;
[0m08:59:02.027646 [debug] [Thread-2 (]: SQL status: SUCCESS 1 in 0.122 seconds
[0m08:59:02.028376 [debug] [Thread-3 (]: SQL status: SUCCESS 1 in 0.122 seconds
[0m08:59:02.050783 [debug] [Thread-4 (]: SQL status: SUCCESS 1 in 0.143 seconds
[0m08:59:02.052520 [debug] [Thread-2 (]: Sending event: {'category': 'dbt', 'action': 'run_model', 'label': '7ad56093-8cbf-434d-8cf4-2d68ab0b2a39', 'context': [<snowplow_tracker.self_describing_json.SelfDescribingJson object at 0x117f016d0>]}
[0m08:59:02.052736 [debug] [Thread-3 (]: Sending event: {'category': 'dbt', 'action': 'run_model', 'label': '7ad56093-8cbf-434d-8cf4-2d68ab0b2a39', 'context': [<snowplow_tracker.self_describing_json.SelfDescribingJson object at 0x1129015b0>]}
[0m08:59:02.052986 [debug] [Thread-4 (]: Sending event: {'category': 'dbt', 'action': 'run_model', 'label': '7ad56093-8cbf-434d-8cf4-2d68ab0b2a39', 'context': [<snowplow_tracker.self_describing_json.SelfDescribingJson object at 0x117ef04a0>]}
[0m08:59:02.053309 [info ] [Thread-2 (]: 1 of 8 OK created sql view model STAGING_staging.stg_claims .................... [[32mSUCCESS 1[0m in 0.18s]
[0m08:59:02.053611 [info ] [Thread-3 (]: 2 of 8 OK created sql view model STAGING_staging.stg_encounters ................ [[32mSUCCESS 1[0m in 0.17s]
[0m08:59:02.054279 [debug] [Thread-2 (]: Finished running node model.healthcare_proj.stg_claims
[0m08:59:02.054024 [info ] [Thread-4 (]: 3 of 8 OK created sql view model STAGING_staging.stg_patients .................. [[32mSUCCESS 1[0m in 0.18s]
[0m08:59:02.054612 [debug] [Thread-3 (]: Finished running node model.healthcare_proj.stg_encounters
[0m08:59:02.054949 [debug] [Thread-4 (]: Finished running node model.healthcare_proj.stg_patients
[0m08:59:02.055283 [debug] [Thread-5 (]: Began running node model.healthcare_proj.fact_encounters
[0m08:59:02.055478 [debug] [Thread-2 (]: Began running node model.healthcare_proj.int_churn_metrics
[0m08:59:02.055733 [info ] [Thread-5 (]: 4 of 8 START sql incremental model STAGING_marts.fact_encounters ............... [RUN]
[0m08:59:02.055954 [debug] [Thread-4 (]: Began running node model.healthcare_proj.int_patient_encounters
[0m08:59:02.056185 [info ] [Thread-2 (]: 5 of 8 START sql view model STAGING_intermediate.int_churn_metrics ............. [RUN]
[0m08:59:02.056411 [debug] [Thread-5 (]: Re-using an available connection from the pool (formerly list_HEALTHCARE_DB_STAGING_staging, now model.healthcare_proj.fact_encounters)
[0m08:59:02.056642 [info ] [Thread-4 (]: 6 of 8 START sql view model STAGING_intermediate.int_patient_encounters ........ [RUN]
[0m08:59:02.056846 [debug] [Thread-2 (]: Re-using an available connection from the pool (formerly model.healthcare_proj.stg_claims, now model.healthcare_proj.int_churn_metrics)
[0m08:59:02.057018 [debug] [Thread-5 (]: Began compiling node model.healthcare_proj.fact_encounters
[0m08:59:02.057200 [debug] [Thread-4 (]: Re-using an available connection from the pool (formerly model.healthcare_proj.stg_patients, now model.healthcare_proj.int_patient_encounters)
[0m08:59:02.057373 [debug] [Thread-2 (]: Began compiling node model.healthcare_proj.int_churn_metrics
[0m08:59:02.060946 [debug] [Thread-5 (]: Writing injected SQL for node "model.healthcare_proj.fact_encounters"
[0m08:59:02.061166 [debug] [Thread-4 (]: Began compiling node model.healthcare_proj.int_patient_encounters
[0m08:59:02.062936 [debug] [Thread-2 (]: Writing injected SQL for node "model.healthcare_proj.int_churn_metrics"
[0m08:59:02.065138 [debug] [Thread-4 (]: Writing injected SQL for node "model.healthcare_proj.int_patient_encounters"
[0m08:59:02.065503 [debug] [Thread-5 (]: Began executing node model.healthcare_proj.fact_encounters
[0m08:59:02.087468 [debug] [Thread-5 (]: Using snowflake connection "model.healthcare_proj.fact_encounters"
[0m08:59:02.087701 [debug] [Thread-2 (]: Began executing node model.healthcare_proj.int_churn_metrics
[0m08:59:02.087844 [debug] [Thread-4 (]: Began executing node model.healthcare_proj.int_patient_encounters
[0m08:59:02.088008 [debug] [Thread-5 (]: On model.healthcare_proj.fact_encounters: create or replace  temporary view HEALTHCARE_DB.STAGING_marts.fact_encounters__dbt_tmp
  
  
  
  
  as (
    

with encounters as(
    select *
    from HEALTHCARE_DB.STAGING_staging.stg_encounters
),
dx as (
    select *
    from HEALTHCARE_DB.RAW.diagnoses
),
mds as (
    select *
    from HEALTHCARE_DB.RAW.medications
),
pivots as
(
    --diagnoses
    select
    encounter_id,
    count(*) as diagnosis_count,
    max(case when icd10_code like 'I%' then 1 else 0 end) as has_cardiovascular_dx,
    max(case when icd10_code like 'J%' then 1 else 0 end) as has_respiratory_dx,
    count(distinct medication_id) as distinct_medication_count
    from dx
    left join mds using(encounter_id)
    group by encounter_id
)
select 
    encounters.*,
    pivots.diagnosis_count,
    pivots.has_cardiovascular_dx,
    pivots.has_respiratory_dx,
    pivots.distinct_medication_count
from encounters
left join pivots using(encounter_id)


  where encounters.encounter_date > (select max(encounter_date) from HEALTHCARE_DB.STAGING_marts.fact_encounters)

  )
/* {"app": "dbt", "dbt_version": "1.11.6", "profile_name": "healthcare_proj", "target_name": "dev", "node_id": "model.healthcare_proj.fact_encounters"} */;
[0m08:59:02.089863 [debug] [Thread-2 (]: Writing runtime sql for node "model.healthcare_proj.int_churn_metrics"
[0m08:59:02.090846 [debug] [Thread-4 (]: Writing runtime sql for node "model.healthcare_proj.int_patient_encounters"
[0m08:59:02.091997 [debug] [Thread-4 (]: Using snowflake connection "model.healthcare_proj.int_patient_encounters"
[0m08:59:02.092650 [debug] [Thread-2 (]: Using snowflake connection "model.healthcare_proj.int_churn_metrics"
[0m08:59:02.092816 [debug] [Thread-4 (]: On model.healthcare_proj.int_patient_encounters: create or replace   view HEALTHCARE_DB.STAGING_intermediate.int_patient_encounters
  
  
  
  
  as (
    with patients as (
    select * from HEALTHCARE_DB.STAGING_staging.stg_patients
),
encounters as (
    select * from HEALTHCARE_DB.STAGING_staging.stg_encounters
),
diagnoses as (
    select * from HEALTHCARE_DB.RAW.diagnoses
),
providers as (
    select * from HEALTHCARE_DB.RAW.providers
),
joined as (
    select
        e.encounter_id,
        e.patient_id,
        e.provider_id,
        e.facility_id,
        e.encounter_type,
        e.encounter_date,
        e.discharge_date,
        e.discharge_disposition,

        --patient data
        full_name,
        gender,
        race,
        state,
        insurance_type

        --provider info
        provider_name,
        specialty,
        npi

    from encounters e
    left join patients p on e.patient_id=p.patient_id
    left join providers prov on p.pcp_provider_id=prov.provider_id

)

select * from joined
  )
/* {"app": "dbt", "dbt_version": "1.11.6", "profile_name": "healthcare_proj", "target_name": "dev", "node_id": "model.healthcare_proj.int_patient_encounters"} */;
[0m08:59:02.093097 [debug] [Thread-2 (]: On model.healthcare_proj.int_churn_metrics: create or replace   view HEALTHCARE_DB.STAGING_intermediate.int_churn_metrics
  
  
  
  
  as (
    with encounters as(
    select *
    from HEALTHCARE_DB.STAGING_staging.stg_encounters
),
latest_activity as (
    select
        patient_id,
        max(encounter_date) as last_encounter_date,
        max(discharge_date) as last_discharge_date,
        count(*) as total_encounters,
        count(distinct(encounter_type)) as distinct_encounter_types,
        count(distinct(provider_id)) as distinct_providers,
        max(encounter_type) as most_recent_encounter_type
    from encounters
    group by patient_id
),

--churn metrics
churn_metrics as (
    select
        patient_id,
        last_encounter_date,
        last_discharge_date,
        total_encounters,
        distinct_encounter_types,
        distinct_providers,
        most_recent_encounter_type,
        case
            when last_encounter_date < dateadd(month, -6, current_date()) then 'Churned/Inactive'
            when last_encounter_date >= dateadd(month, -6, current_date()) and last_encounter_date < dateadd(month, -3, current_date()) then 'At Risk'
            else 'Active'
        end as churn_status
        from latest_activity
)
select * from churn_metrics
  )
/* {"app": "dbt", "dbt_version": "1.11.6", "profile_name": "healthcare_proj", "target_name": "dev", "node_id": "model.healthcare_proj.int_churn_metrics"} */;
[0m08:59:02.232233 [debug] [Thread-5 (]: SQL status: SUCCESS 1 in 0.141 seconds
[0m08:59:02.238718 [debug] [Thread-5 (]: Using snowflake connection "model.healthcare_proj.fact_encounters"
[0m08:59:02.239003 [debug] [Thread-5 (]: On model.healthcare_proj.fact_encounters: describe table HEALTHCARE_DB.STAGING_marts.fact_encounters__dbt_tmp
/* {"app": "dbt", "dbt_version": "1.11.6", "profile_name": "healthcare_proj", "target_name": "dev", "node_id": "model.healthcare_proj.fact_encounters"} */
[0m08:59:02.249621 [debug] [Thread-2 (]: SQL status: SUCCESS 1 in 0.156 seconds
[0m08:59:02.250950 [debug] [Thread-2 (]: Sending event: {'category': 'dbt', 'action': 'run_model', 'label': '7ad56093-8cbf-434d-8cf4-2d68ab0b2a39', 'context': [<snowplow_tracker.self_describing_json.SelfDescribingJson object at 0x117f039e0>]}
[0m08:59:02.251362 [info ] [Thread-2 (]: 5 of 8 OK created sql view model STAGING_intermediate.int_churn_metrics ........ [[32mSUCCESS 1[0m in 0.19s]
[0m08:59:02.251701 [debug] [Thread-2 (]: Finished running node model.healthcare_proj.int_churn_metrics
[0m08:59:02.252015 [debug] [Thread-3 (]: Began running node model.healthcare_proj.dim_patient
[0m08:59:02.252312 [info ] [Thread-3 (]: 7 of 8 START sql table model STAGING_marts.dim_patient ......................... [RUN]
[0m08:59:02.252565 [debug] [Thread-3 (]: Re-using an available connection from the pool (formerly model.healthcare_proj.stg_encounters, now model.healthcare_proj.dim_patient)
[0m08:59:02.252767 [debug] [Thread-3 (]: Began compiling node model.healthcare_proj.dim_patient
[0m08:59:02.254856 [debug] [Thread-3 (]: Writing injected SQL for node "model.healthcare_proj.dim_patient"
[0m08:59:02.255389 [debug] [Thread-3 (]: Began executing node model.healthcare_proj.dim_patient
[0m08:59:02.270586 [debug] [Thread-3 (]: Writing runtime sql for node "model.healthcare_proj.dim_patient"
[0m08:59:02.271819 [debug] [Thread-3 (]: Using snowflake connection "model.healthcare_proj.dim_patient"
[0m08:59:02.272064 [debug] [Thread-3 (]: On model.healthcare_proj.dim_patient: create or replace transient table HEALTHCARE_DB.STAGING_marts.dim_patient
    
    
    
    as (with patients as (
    select * from HEALTHCARE_DB.STAGING_staging.stg_patients
),
churm_metrics as (
    select * from HEALTHCARE_DB.STAGING_intermediate.int_churn_metrics
),
pivots as (
    select
    patient_id,
    max(case when encounter_type='Inpatient' then 1 else 0 end) as is_inpatient,
    max(case when encounter_type='Outpatient' then 1 else 0 end) as is_outpatient,
    max(case when encounter_type='Emergency' then 1 else 0 end) as is_emergency
    from HEALTHCARE_DB.STAGING_staging.stg_encounters
    group by patient_id
)
select
    patients.*,
    churm_metrics.last_encounter_date,
    churm_metrics.last_discharge_date,
    churm_metrics.total_encounters,
    churm_metrics.distinct_encounter_types,
    churm_metrics.distinct_providers,
    churm_metrics.most_recent_encounter_type
    ,churm_metrics.churn_status
    from patients
    left join churm_metrics on patients.patient_id=churm_metrics.patient_id
    left join pivots on patients.patient_id=pivots.patient_id
    )

/* {"app": "dbt", "dbt_version": "1.11.6", "profile_name": "healthcare_proj", "target_name": "dev", "node_id": "model.healthcare_proj.dim_patient"} */;
[0m08:59:02.274826 [debug] [Thread-4 (]: SQL status: SUCCESS 1 in 0.181 seconds
[0m08:59:02.276063 [debug] [Thread-4 (]: Sending event: {'category': 'dbt', 'action': 'run_model', 'label': '7ad56093-8cbf-434d-8cf4-2d68ab0b2a39', 'context': [<snowplow_tracker.self_describing_json.SelfDescribingJson object at 0x117f0bc80>]}
[0m08:59:02.276392 [info ] [Thread-4 (]: 6 of 8 OK created sql view model STAGING_intermediate.int_patient_encounters ... [[32mSUCCESS 1[0m in 0.22s]
[0m08:59:02.276660 [debug] [Thread-4 (]: Finished running node model.healthcare_proj.int_patient_encounters
[0m08:59:02.276922 [debug] [Thread-2 (]: Began running node model.healthcare_proj.int_patient_cohorts
[0m08:59:02.277132 [info ] [Thread-2 (]: 8 of 8 START sql view model STAGING_intermediate.int_patient_cohorts ........... [RUN]
[0m08:59:02.277325 [debug] [Thread-2 (]: Re-using an available connection from the pool (formerly model.healthcare_proj.int_churn_metrics, now model.healthcare_proj.int_patient_cohorts)
[0m08:59:02.277479 [debug] [Thread-2 (]: Began compiling node model.healthcare_proj.int_patient_cohorts
[0m08:59:02.279149 [debug] [Thread-2 (]: Writing injected SQL for node "model.healthcare_proj.int_patient_cohorts"
[0m08:59:02.279523 [debug] [Thread-2 (]: Began executing node model.healthcare_proj.int_patient_cohorts
[0m08:59:02.280862 [debug] [Thread-2 (]: Writing runtime sql for node "model.healthcare_proj.int_patient_cohorts"
[0m08:59:02.281792 [debug] [Thread-2 (]: Using snowflake connection "model.healthcare_proj.int_patient_cohorts"
[0m08:59:02.281989 [debug] [Thread-2 (]: On model.healthcare_proj.int_patient_cohorts: create or replace   view HEALTHCARE_DB.STAGING_intermediate.int_patient_cohorts
  
  
  
  
  as (
    with encounters as (
    select *
    from HEALTHCARE_DB.STAGING_intermediate.int_patient_encounters
),

--first encounter for each patient
first_encounters as (
    select
        patient_id,
        encounter_id,
        encounter_date,
        encounter_type,
        provider_id,
        provider_name,
        specialty
        from encounters
        qualify row_number() over(partition by patient_id order by encounter_date asc)=1
),
--Month activity windows
month_activity as (
    select
    patient_id,
    date_trunc('month', encounter_date) as month_start,
    max(encounter_date) as month_end,
    count(*) as encounter_count,
    count(distinct provider_id) as distinct_provider_count,
    max(encounter_type) as most_recent_encounter_type
    from encounters
    group by patient_id, date_trunc('month', encounter_date)
),

--Cohort summary
cohort_summary as (
    select
        patient_id,
        min(encounter_date) as first_encounter_date,
        max(encounter_date) as last_encounter_date,
        count(*) as total_encounters,
        count(distinct provider_id) as total_distinct_providers,
        max(encounter_type) as most_common_encounter_type
    from encounters
    group by patient_id
)
 select * from cohort_summary
  )
/* {"app": "dbt", "dbt_version": "1.11.6", "profile_name": "healthcare_proj", "target_name": "dev", "node_id": "model.healthcare_proj.int_patient_cohorts"} */;
[0m08:59:02.284082 [debug] [Thread-5 (]: SQL status: SUCCESS 13 in 0.045 seconds
[0m08:59:02.286815 [debug] [Thread-5 (]: Using snowflake connection "model.healthcare_proj.fact_encounters"
[0m08:59:02.287116 [debug] [Thread-5 (]: On model.healthcare_proj.fact_encounters: describe table HEALTHCARE_DB.STAGING_marts.fact_encounters
/* {"app": "dbt", "dbt_version": "1.11.6", "profile_name": "healthcare_proj", "target_name": "dev", "node_id": "model.healthcare_proj.fact_encounters"} */
[0m08:59:02.321953 [debug] [Thread-5 (]: SQL status: SUCCESS 13 in 0.035 seconds
[0m08:59:02.328458 [debug] [Thread-5 (]: Using snowflake connection "model.healthcare_proj.fact_encounters"
[0m08:59:02.328671 [debug] [Thread-5 (]: On model.healthcare_proj.fact_encounters: describe table "HEALTHCARE_DB"."STAGING_MARTS"."FACT_ENCOUNTERS"
/* {"app": "dbt", "dbt_version": "1.11.6", "profile_name": "healthcare_proj", "target_name": "dev", "node_id": "model.healthcare_proj.fact_encounters"} */
[0m08:59:02.367625 [debug] [Thread-5 (]: SQL status: SUCCESS 13 in 0.039 seconds
[0m08:59:02.387277 [debug] [Thread-5 (]: Writing runtime sql for node "model.healthcare_proj.fact_encounters"
[0m08:59:02.388406 [debug] [Thread-5 (]: Using snowflake connection "model.healthcare_proj.fact_encounters"
[0m08:59:02.388629 [debug] [Thread-5 (]: On model.healthcare_proj.fact_encounters: -- back compat for old kwarg name
  
  begin
/* {"app": "dbt", "dbt_version": "1.11.6", "profile_name": "healthcare_proj", "target_name": "dev", "node_id": "model.healthcare_proj.fact_encounters"} */;
[0m08:59:02.437315 [debug] [Thread-5 (]: SQL status: SUCCESS 1 in 0.048 seconds
[0m08:59:02.437625 [debug] [Thread-5 (]: Using snowflake connection "model.healthcare_proj.fact_encounters"
[0m08:59:02.437875 [debug] [Thread-5 (]: On model.healthcare_proj.fact_encounters: merge into HEALTHCARE_DB.STAGING_marts.fact_encounters as DBT_INTERNAL_DEST
        using HEALTHCARE_DB.STAGING_marts.fact_encounters__dbt_tmp as DBT_INTERNAL_SOURCE
        on ((DBT_INTERNAL_SOURCE.encounter_id = DBT_INTERNAL_DEST.encounter_id))

    
    when matched then update set
        "ENCOUNTER_ID" = DBT_INTERNAL_SOURCE."ENCOUNTER_ID","PATIENT_ID" = DBT_INTERNAL_SOURCE."PATIENT_ID","PROVIDER_ID" = DBT_INTERNAL_SOURCE."PROVIDER_ID","FACILITY_ID" = DBT_INTERNAL_SOURCE."FACILITY_ID","ENCOUNTER_TYPE" = DBT_INTERNAL_SOURCE."ENCOUNTER_TYPE","ENCOUNTER_DATE" = DBT_INTERNAL_SOURCE."ENCOUNTER_DATE","DISCHARGE_DATE" = DBT_INTERNAL_SOURCE."DISCHARGE_DATE","VALID_STAY" = DBT_INTERNAL_SOURCE."VALID_STAY","DISCHARGE_DISPOSITION" = DBT_INTERNAL_SOURCE."DISCHARGE_DISPOSITION","DIAGNOSIS_COUNT" = DBT_INTERNAL_SOURCE."DIAGNOSIS_COUNT","HAS_CARDIOVASCULAR_DX" = DBT_INTERNAL_SOURCE."HAS_CARDIOVASCULAR_DX","HAS_RESPIRATORY_DX" = DBT_INTERNAL_SOURCE."HAS_RESPIRATORY_DX","DISTINCT_MEDICATION_COUNT" = DBT_INTERNAL_SOURCE."DISTINCT_MEDICATION_COUNT"
    

    when not matched then insert
        ("ENCOUNTER_ID", "PATIENT_ID", "PROVIDER_ID", "FACILITY_ID", "ENCOUNTER_TYPE", "ENCOUNTER_DATE", "DISCHARGE_DATE", "VALID_STAY", "DISCHARGE_DISPOSITION", "DIAGNOSIS_COUNT", "HAS_CARDIOVASCULAR_DX", "HAS_RESPIRATORY_DX", "DISTINCT_MEDICATION_COUNT")
    values
        ("ENCOUNTER_ID", "PATIENT_ID", "PROVIDER_ID", "FACILITY_ID", "ENCOUNTER_TYPE", "ENCOUNTER_DATE", "DISCHARGE_DATE", "VALID_STAY", "DISCHARGE_DISPOSITION", "DIAGNOSIS_COUNT", "HAS_CARDIOVASCULAR_DX", "HAS_RESPIRATORY_DX", "DISTINCT_MEDICATION_COUNT")


/* {"app": "dbt", "dbt_version": "1.11.6", "profile_name": "healthcare_proj", "target_name": "dev", "node_id": "model.healthcare_proj.fact_encounters"} */;
[0m08:59:02.533706 [debug] [Thread-2 (]: SQL status: SUCCESS 1 in 0.251 seconds
[0m08:59:02.536357 [debug] [Thread-2 (]: Sending event: {'category': 'dbt', 'action': 'run_model', 'label': '7ad56093-8cbf-434d-8cf4-2d68ab0b2a39', 'context': [<snowplow_tracker.self_describing_json.SelfDescribingJson object at 0x117f87770>]}
[0m08:59:02.537046 [info ] [Thread-2 (]: 8 of 8 OK created sql view model STAGING_intermediate.int_patient_cohorts ...... [[32mSUCCESS 1[0m in 0.26s]
[0m08:59:02.537846 [debug] [Thread-2 (]: Finished running node model.healthcare_proj.int_patient_cohorts
[0m08:59:02.923667 [debug] [Thread-5 (]: SQL status: SUCCESS 0 in 0.485 seconds
[0m08:59:02.924635 [debug] [Thread-5 (]: Using snowflake connection "model.healthcare_proj.fact_encounters"
[0m08:59:02.925234 [debug] [Thread-5 (]: On model.healthcare_proj.fact_encounters: COMMIT
/* {"app": "dbt", "dbt_version": "1.11.6", "profile_name": "healthcare_proj", "target_name": "dev", "node_id": "model.healthcare_proj.fact_encounters"} */
[0m08:59:02.989544 [debug] [Thread-5 (]: SQL status: SUCCESS 1 in 0.064 seconds
[0m08:59:03.002229 [debug] [Thread-5 (]: Applying DROP to: HEALTHCARE_DB.STAGING_marts.fact_encounters__dbt_tmp
[0m08:59:03.010336 [debug] [Thread-5 (]: Using snowflake connection "model.healthcare_proj.fact_encounters"
[0m08:59:03.010798 [debug] [Thread-5 (]: On model.healthcare_proj.fact_encounters: drop view if exists HEALTHCARE_DB.STAGING_marts.fact_encounters__dbt_tmp cascade
/* {"app": "dbt", "dbt_version": "1.11.6", "profile_name": "healthcare_proj", "target_name": "dev", "node_id": "model.healthcare_proj.fact_encounters"} */
[0m08:59:03.071868 [debug] [Thread-5 (]: SQL status: SUCCESS 1 in 0.061 seconds
[0m08:59:03.074041 [debug] [Thread-5 (]: Sending event: {'category': 'dbt', 'action': 'run_model', 'label': '7ad56093-8cbf-434d-8cf4-2d68ab0b2a39', 'context': [<snowplow_tracker.self_describing_json.SelfDescribingJson object at 0x117f5ca40>]}
[0m08:59:03.074670 [info ] [Thread-5 (]: 4 of 8 OK created sql incremental model STAGING_marts.fact_encounters .......... [[32mSUCCESS 0[0m in 1.02s]
[0m08:59:03.075196 [debug] [Thread-5 (]: Finished running node model.healthcare_proj.fact_encounters
[0m08:59:03.194378 [debug] [Thread-3 (]: SQL status: SUCCESS 8 in 0.922 seconds
[0m08:59:03.197720 [debug] [Thread-3 (]: Sending event: {'category': 'dbt', 'action': 'run_model', 'label': '7ad56093-8cbf-434d-8cf4-2d68ab0b2a39', 'context': [<snowplow_tracker.self_describing_json.SelfDescribingJson object at 0x117f07f80>]}
[0m08:59:03.198406 [info ] [Thread-3 (]: 7 of 8 OK created sql table model STAGING_marts.dim_patient .................... [[32mSUCCESS 8[0m in 0.95s]
[0m08:59:03.198913 [debug] [Thread-3 (]: Finished running node model.healthcare_proj.dim_patient
[0m08:59:03.200087 [debug] [MainThread]: Connection 'master' was properly closed.
[0m08:59:03.200351 [debug] [MainThread]: Connection 'model.healthcare_proj.int_patient_cohorts' was left open.
[0m08:59:03.200595 [debug] [MainThread]: On model.healthcare_proj.int_patient_cohorts: Close
[0m08:59:03.245755 [debug] [MainThread]: Connection 'model.healthcare_proj.dim_patient' was left open.
[0m08:59:03.246168 [debug] [MainThread]: On model.healthcare_proj.dim_patient: Close
[0m08:59:03.289689 [debug] [MainThread]: Connection 'model.healthcare_proj.int_patient_encounters' was left open.
[0m08:59:03.290142 [debug] [MainThread]: On model.healthcare_proj.int_patient_encounters: Close
[0m08:59:03.330473 [debug] [MainThread]: Connection 'model.healthcare_proj.fact_encounters' was left open.
[0m08:59:03.331016 [debug] [MainThread]: On model.healthcare_proj.fact_encounters: Close
[0m08:59:03.376230 [info ] [MainThread]: 
[0m08:59:03.376839 [info ] [MainThread]: Finished running 1 incremental model, 1 table model, 6 view models in 0 hours 0 minutes and 2.44 seconds (2.44s).
[0m08:59:03.378707 [debug] [MainThread]: Command end result
[0m08:59:03.452101 [debug] [MainThread]: Wrote artifact WritableManifest to /Users/rajarshiraychaudhuri/Documents/RajRayc_Git/healthcare_proj/target/manifest.json
[0m08:59:03.453136 [debug] [MainThread]: Wrote artifact SemanticManifest to /Users/rajarshiraychaudhuri/Documents/RajRayc_Git/healthcare_proj/target/semantic_manifest.json
[0m08:59:03.456011 [debug] [MainThread]: Wrote artifact RunExecutionResult to /Users/rajarshiraychaudhuri/Documents/RajRayc_Git/healthcare_proj/target/run_results.json
[0m08:59:03.456171 [info ] [MainThread]: 
[0m08:59:03.456334 [info ] [MainThread]: [32mCompleted successfully[0m
[0m08:59:03.456455 [info ] [MainThread]: 
[0m08:59:03.456583 [info ] [MainThread]: Done. PASS=8 WARN=0 ERROR=0 SKIP=0 NO-OP=0 TOTAL=8
[0m08:59:03.458988 [debug] [MainThread]: Resource report: {"command_name": "run", "command_success": true, "command_wall_clock_time": 3.7550974, "process_in_blocks": "0", "process_kernel_time": 0.25443, "process_mem_max_rss": "190005248", "process_out_blocks": "0", "process_user_time": 2.524555}
[0m08:59:03.459185 [debug] [MainThread]: Command `dbt run` succeeded at 08:59:03.459148 after 3.76 seconds
[0m08:59:03.459340 [debug] [MainThread]: Sending event: {'category': 'dbt', 'action': 'invocation', 'label': 'end', 'context': [<snowplow_tracker.self_describing_json.SelfDescribingJson object at 0x115c506e0>, <snowplow_tracker.self_describing_json.SelfDescribingJson object at 0x111e85070>, <snowplow_tracker.self_describing_json.SelfDescribingJson object at 0x117ea5f70>]}
[0m08:59:03.459483 [debug] [MainThread]: Flushing usage events
[0m08:59:04.615953 [debug] [MainThread]: An error was encountered while trying to flush usage events
[0m09:11:24.989853 [debug] [MainThread]: Sending event: {'category': 'dbt', 'action': 'invocation', 'label': 'start', 'context': [<snowplow_tracker.self_describing_json.SelfDescribingJson object at 0x1237ce450>, <snowplow_tracker.self_describing_json.SelfDescribingJson object at 0x1239d8f50>, <snowplow_tracker.self_describing_json.SelfDescribingJson object at 0x1239d8ce0>]}


============================== 09:11:24.992619 | abcccf10-1db2-4ab1-ac9f-0a497a7511a4 ==============================
[0m09:11:24.992619 [info ] [MainThread]: Running with dbt=1.11.6
[0m09:11:24.992895 [debug] [MainThread]: running dbt with arguments {'use_colors': 'True', 'target_path': 'None', 'partial_parse': 'True', 'write_json': 'True', 'no_print': 'None', 'log_format': 'default', 'debug': 'False', 'invocation_command': 'dbt docs generate --target prod --profiles-dir /Users/rajarshiraychaudhuri/Documents/RajRayc_Git/healthcare_proj', 'log_path': '/Users/rajarshiraychaudhuri/Documents/RajRayc_Git/healthcare_proj/logs', 'warn_error_options': 'WarnErrorOptionsV2(error=[], warn=[], silence=[])', 'fail_fast': 'False', 'empty': 'None', 'profiles_dir': '/Users/rajarshiraychaudhuri/Documents/RajRayc_Git/healthcare_proj', 'cache_selected_only': 'False', 'static_parser': 'True', 'use_experimental_parser': 'False', 'quiet': 'False', 'printer_width': '80', 'warn_error': 'None', 'send_anonymous_usage_stats': 'True', 'introspect': 'True', 'version_check': 'True', 'indirect_selection': 'eager', 'log_cache_events': 'False'}
[0m09:11:25.170786 [debug] [MainThread]: Snowflake adapter: Setting snowflake.connector to ERROR (file logging only)
[0m09:11:25.171050 [debug] [MainThread]: Snowflake adapter: Setting botocore to ERROR (file logging only)
[0m09:11:25.171183 [debug] [MainThread]: Snowflake adapter: Setting boto3 to ERROR (file logging only)
[0m09:11:25.288493 [debug] [MainThread]: Sending event: {'category': 'dbt', 'action': 'project_id', 'label': 'abcccf10-1db2-4ab1-ac9f-0a497a7511a4', 'context': [<snowplow_tracker.self_describing_json.SelfDescribingJson object at 0x1204f7440>]}
[0m09:11:25.321267 [debug] [MainThread]: Sending event: {'category': 'dbt', 'action': 'adapter_info', 'label': 'abcccf10-1db2-4ab1-ac9f-0a497a7511a4', 'context': [<snowplow_tracker.self_describing_json.SelfDescribingJson object at 0x125c7d5e0>]}
[0m09:11:25.321800 [info ] [MainThread]: Registered adapter: snowflake=1.11.6
[0m09:11:25.386736 [debug] [MainThread]: checksum: fda039cb47cdf0e627679f660a87812f9dc734dcd251ec88b5466764946323e4, vars: {}, profile: , target: prod, version: 1.11.6
[0m09:11:25.434050 [info ] [MainThread]: Unable to do partial parsing because config vars, config profile, or config target have changed
[0m09:11:25.434309 [debug] [MainThread]: previous checksum: fda039cb47cdf0e627679f660a87812f9dc734dcd251ec88b5466764946323e4, current checksum: ec27062d18352e9cfca161c166fcc73d2201661a23a3cf3c89196a27f32cfcb8
[0m09:11:25.434462 [debug] [MainThread]: Sending event: {'category': 'dbt', 'action': 'partial_parser', 'label': 'abcccf10-1db2-4ab1-ac9f-0a497a7511a4', 'context': [<snowplow_tracker.self_describing_json.SelfDescribingJson object at 0x12385d460>]}
[0m09:11:26.130107 [debug] [MainThread]: Sending event: {'category': 'dbt', 'action': 'load_project', 'label': 'abcccf10-1db2-4ab1-ac9f-0a497a7511a4', 'context': [<snowplow_tracker.self_describing_json.SelfDescribingJson object at 0x127020860>]}
[0m09:11:26.141584 [debug] [MainThread]: Sending event: {'category': 'dbt', 'action': 'resource_counts', 'label': 'abcccf10-1db2-4ab1-ac9f-0a497a7511a4', 'context': [<snowplow_tracker.self_describing_json.SelfDescribingJson object at 0x127065cd0>]}
[0m09:11:26.141838 [info ] [MainThread]: Found 8 models, 2 snapshots, 3 data tests, 6 sources, 542 macros
[0m09:11:26.141992 [debug] [MainThread]: Sending event: {'category': 'dbt', 'action': 'runnable_timing', 'label': 'abcccf10-1db2-4ab1-ac9f-0a497a7511a4', 'context': [<snowplow_tracker.self_describing_json.SelfDescribingJson object at 0x126163cb0>]}
[0m09:11:26.142927 [info ] [MainThread]: 
[0m09:11:26.143070 [info ] [MainThread]: Concurrency: 8 threads (target='prod')
[0m09:11:26.143181 [info ] [MainThread]: 
[0m09:11:26.143378 [debug] [MainThread]: Acquiring new snowflake connection 'master'
[0m09:11:26.145290 [debug] [ThreadPool]: Acquiring new snowflake connection 'list_HEALTHCARE_DB_STAGING_staging'
[0m09:11:26.150830 [debug] [ThreadPool]: Acquiring new snowflake connection 'list_HEALTHCARE_DB_snapshots'
[0m09:11:26.154338 [debug] [ThreadPool]: Acquiring new snowflake connection 'list_HEALTHCARE_DB_STAGING_intermediate'
[0m09:11:26.154604 [debug] [ThreadPool]: Acquiring new snowflake connection 'list_HEALTHCARE_DB_STAGING_marts'
[0m09:11:26.179543 [debug] [ThreadPool]: Using snowflake connection "list_HEALTHCARE_DB_STAGING_staging"
[0m09:11:26.179803 [debug] [ThreadPool]: Using snowflake connection "list_HEALTHCARE_DB_snapshots"
[0m09:11:26.180005 [debug] [ThreadPool]: Using snowflake connection "list_HEALTHCARE_DB_STAGING_intermediate"
[0m09:11:26.180250 [debug] [ThreadPool]: On list_HEALTHCARE_DB_STAGING_staging: show objects in HEALTHCARE_DB.STAGING_staging
    limit 10000
    

/* {"app": "dbt", "dbt_version": "1.11.6", "profile_name": "healthcare_proj", "target_name": "prod", "connection_name": "list_HEALTHCARE_DB_STAGING_staging"} */;
[0m09:11:26.180424 [debug] [ThreadPool]: Using snowflake connection "list_HEALTHCARE_DB_STAGING_marts"
[0m09:11:26.180575 [debug] [ThreadPool]: On list_HEALTHCARE_DB_snapshots: show objects in HEALTHCARE_DB.snapshots
    limit 10000
    

/* {"app": "dbt", "dbt_version": "1.11.6", "profile_name": "healthcare_proj", "target_name": "prod", "connection_name": "list_HEALTHCARE_DB_snapshots"} */;
[0m09:11:26.180737 [debug] [ThreadPool]: On list_HEALTHCARE_DB_STAGING_intermediate: show objects in HEALTHCARE_DB.STAGING_intermediate
    limit 10000
    

/* {"app": "dbt", "dbt_version": "1.11.6", "profile_name": "healthcare_proj", "target_name": "prod", "connection_name": "list_HEALTHCARE_DB_STAGING_intermediate"} */;
[0m09:11:26.180868 [debug] [ThreadPool]: Opening a new connection, currently in state init
[0m09:11:26.181005 [debug] [ThreadPool]: On list_HEALTHCARE_DB_STAGING_marts: show objects in HEALTHCARE_DB.STAGING_marts
    limit 10000
    

/* {"app": "dbt", "dbt_version": "1.11.6", "profile_name": "healthcare_proj", "target_name": "prod", "connection_name": "list_HEALTHCARE_DB_STAGING_marts"} */;
[0m09:11:26.181128 [debug] [ThreadPool]: Opening a new connection, currently in state init
[0m09:11:26.181242 [debug] [ThreadPool]: Opening a new connection, currently in state init
[0m09:11:26.181375 [debug] [ThreadPool]: Opening a new connection, currently in state init
[0m09:11:26.930293 [debug] [ThreadPool]: SQL status: SUCCESS 3 in 0.749 seconds
[0m09:11:26.933231 [debug] [ThreadPool]: SQL status: SUCCESS 3 in 0.752 seconds
[0m09:11:26.935379 [debug] [ThreadPool]: SQL status: SUCCESS 2 in 0.754 seconds
[0m09:11:26.935852 [debug] [ThreadPool]: SQL status: SUCCESS 2 in 0.755 seconds
[0m09:11:26.938194 [debug] [MainThread]: Sending event: {'category': 'dbt', 'action': 'runnable_timing', 'label': 'abcccf10-1db2-4ab1-ac9f-0a497a7511a4', 'context': [<snowplow_tracker.self_describing_json.SelfDescribingJson object at 0x106448800>]}
[0m09:11:26.940544 [debug] [Thread-2 (]: Began running node model.healthcare_proj.stg_claims
[0m09:11:26.940894 [debug] [Thread-3 (]: Began running node model.healthcare_proj.stg_encounters
[0m09:11:26.941131 [debug] [Thread-4 (]: Began running node model.healthcare_proj.stg_patients
[0m09:11:26.941385 [debug] [Thread-2 (]: Re-using an available connection from the pool (formerly list_HEALTHCARE_DB_STAGING_staging, now model.healthcare_proj.stg_claims)
[0m09:11:26.941584 [debug] [Thread-5 (]: Began running node snapshot.healthcare_proj.snap_patient_insurance
[0m09:11:26.941798 [debug] [Thread-6 (]: Began running node snapshot.healthcare_proj.snap_provider
[0m09:11:26.942007 [debug] [Thread-3 (]: Re-using an available connection from the pool (formerly list_HEALTHCARE_DB_snapshots, now model.healthcare_proj.stg_encounters)
[0m09:11:26.942227 [debug] [Thread-4 (]: Re-using an available connection from the pool (formerly list_HEALTHCARE_DB_STAGING_intermediate, now model.healthcare_proj.stg_patients)
[0m09:11:26.942447 [debug] [Thread-2 (]: Began compiling node model.healthcare_proj.stg_claims
[0m09:11:26.942643 [debug] [Thread-5 (]: Re-using an available connection from the pool (formerly list_HEALTHCARE_DB_STAGING_marts, now snapshot.healthcare_proj.snap_patient_insurance)
[0m09:11:26.943176 [debug] [Thread-6 (]: Acquiring new snowflake connection 'snapshot.healthcare_proj.snap_provider'
[0m09:11:26.943408 [debug] [Thread-3 (]: Began compiling node model.healthcare_proj.stg_encounters
[0m09:11:26.943618 [debug] [Thread-4 (]: Began compiling node model.healthcare_proj.stg_patients
[0m09:11:26.948203 [debug] [Thread-2 (]: Writing injected SQL for node "model.healthcare_proj.stg_claims"
[0m09:11:26.948460 [debug] [Thread-5 (]: Began compiling node snapshot.healthcare_proj.snap_patient_insurance
[0m09:11:26.948640 [debug] [Thread-6 (]: Began compiling node snapshot.healthcare_proj.snap_provider
[0m09:11:26.950293 [debug] [Thread-3 (]: Writing injected SQL for node "model.healthcare_proj.stg_encounters"
[0m09:11:26.951781 [debug] [Thread-4 (]: Writing injected SQL for node "model.healthcare_proj.stg_patients"
[0m09:11:26.953626 [debug] [Thread-5 (]: Began executing node snapshot.healthcare_proj.snap_patient_insurance
[0m09:11:26.955216 [debug] [Thread-6 (]: Began executing node snapshot.healthcare_proj.snap_provider
[0m09:11:26.956119 [debug] [Thread-5 (]: Finished running node snapshot.healthcare_proj.snap_patient_insurance
[0m09:11:26.956320 [debug] [Thread-2 (]: Began executing node model.healthcare_proj.stg_claims
[0m09:11:26.956494 [debug] [Thread-3 (]: Began executing node model.healthcare_proj.stg_encounters
[0m09:11:26.956773 [debug] [Thread-6 (]: Finished running node snapshot.healthcare_proj.snap_provider
[0m09:11:26.957143 [debug] [Thread-2 (]: Finished running node model.healthcare_proj.stg_claims
[0m09:11:26.957313 [debug] [Thread-4 (]: Began executing node model.healthcare_proj.stg_patients
[0m09:11:26.957603 [debug] [Thread-3 (]: Finished running node model.healthcare_proj.stg_encounters
[0m09:11:26.957962 [debug] [Thread-4 (]: Finished running node model.healthcare_proj.stg_patients
[0m09:11:26.958233 [debug] [Thread-8 (]: Began running node model.healthcare_proj.fact_encounters
[0m09:11:26.958403 [debug] [Thread-9 (]: Began running node model.healthcare_proj.int_churn_metrics
[0m09:11:26.958655 [debug] [Thread-8 (]: Acquiring new snowflake connection 'model.healthcare_proj.fact_encounters'
[0m09:11:26.958832 [debug] [Thread-5 (]: Began running node model.healthcare_proj.int_patient_encounters
[0m09:11:26.959085 [debug] [Thread-6 (]: Began running node test.healthcare_proj.accepted_values_stg_patients_gender__M__F__O.8592a557cd
[0m09:11:26.959273 [debug] [Thread-9 (]: Acquiring new snowflake connection 'model.healthcare_proj.int_churn_metrics'
[0m09:11:26.959423 [debug] [Thread-2 (]: Began running node test.healthcare_proj.not_null_stg_patients_patient_id.e578180344
[0m09:11:26.959577 [debug] [Thread-3 (]: Began running node test.healthcare_proj.unique_stg_patients_patient_id.8907d3ccf0
[0m09:11:26.959716 [debug] [Thread-8 (]: Began compiling node model.healthcare_proj.fact_encounters
[0m09:11:26.959878 [debug] [Thread-5 (]: Re-using an available connection from the pool (formerly snapshot.healthcare_proj.snap_patient_insurance, now model.healthcare_proj.int_patient_encounters)
[0m09:11:26.960042 [debug] [Thread-6 (]: Re-using an available connection from the pool (formerly snapshot.healthcare_proj.snap_provider, now test.healthcare_proj.accepted_values_stg_patients_gender__M__F__O.8592a557cd)
[0m09:11:26.960196 [debug] [Thread-9 (]: Began compiling node model.healthcare_proj.int_churn_metrics
[0m09:11:26.960348 [debug] [Thread-2 (]: Re-using an available connection from the pool (formerly model.healthcare_proj.stg_claims, now test.healthcare_proj.not_null_stg_patients_patient_id.e578180344)
[0m09:11:26.960505 [debug] [Thread-3 (]: Re-using an available connection from the pool (formerly model.healthcare_proj.stg_encounters, now test.healthcare_proj.unique_stg_patients_patient_id.8907d3ccf0)
[0m09:11:26.963844 [debug] [Thread-8 (]: Writing injected SQL for node "model.healthcare_proj.fact_encounters"
[0m09:11:26.964056 [debug] [Thread-5 (]: Began compiling node model.healthcare_proj.int_patient_encounters
[0m09:11:26.964261 [debug] [Thread-6 (]: Began compiling node test.healthcare_proj.accepted_values_stg_patients_gender__M__F__O.8592a557cd
[0m09:11:26.965760 [debug] [Thread-9 (]: Writing injected SQL for node "model.healthcare_proj.int_churn_metrics"
[0m09:11:26.965924 [debug] [Thread-2 (]: Began compiling node test.healthcare_proj.not_null_stg_patients_patient_id.e578180344
[0m09:11:26.966070 [debug] [Thread-3 (]: Began compiling node test.healthcare_proj.unique_stg_patients_patient_id.8907d3ccf0
[0m09:11:26.968671 [debug] [Thread-5 (]: Writing injected SQL for node "model.healthcare_proj.int_patient_encounters"
[0m09:11:26.970386 [debug] [Thread-6 (]: Writing injected SQL for node "test.healthcare_proj.accepted_values_stg_patients_gender__M__F__O.8592a557cd"
[0m09:11:26.974544 [debug] [Thread-2 (]: Writing injected SQL for node "test.healthcare_proj.not_null_stg_patients_patient_id.e578180344"
[0m09:11:26.977183 [debug] [Thread-3 (]: Writing injected SQL for node "test.healthcare_proj.unique_stg_patients_patient_id.8907d3ccf0"
[0m09:11:26.977366 [debug] [Thread-8 (]: Began executing node model.healthcare_proj.fact_encounters
[0m09:11:26.977562 [debug] [Thread-9 (]: Began executing node model.healthcare_proj.int_churn_metrics
[0m09:11:26.977890 [debug] [Thread-6 (]: Began executing node test.healthcare_proj.accepted_values_stg_patients_gender__M__F__O.8592a557cd
[0m09:11:26.978167 [debug] [Thread-8 (]: Finished running node model.healthcare_proj.fact_encounters
[0m09:11:26.978331 [debug] [Thread-5 (]: Began executing node model.healthcare_proj.int_patient_encounters
[0m09:11:26.978585 [debug] [Thread-9 (]: Finished running node model.healthcare_proj.int_churn_metrics
[0m09:11:26.978723 [debug] [Thread-2 (]: Began executing node test.healthcare_proj.not_null_stg_patients_patient_id.e578180344
[0m09:11:26.978859 [debug] [Thread-3 (]: Began executing node test.healthcare_proj.unique_stg_patients_patient_id.8907d3ccf0
[0m09:11:26.979086 [debug] [Thread-6 (]: Finished running node test.healthcare_proj.accepted_values_stg_patients_gender__M__F__O.8592a557cd
[0m09:11:26.979364 [debug] [Thread-5 (]: Finished running node model.healthcare_proj.int_patient_encounters
[0m09:11:26.979635 [debug] [Thread-2 (]: Finished running node test.healthcare_proj.not_null_stg_patients_patient_id.e578180344
[0m09:11:26.979774 [debug] [Thread-7 (]: Began running node model.healthcare_proj.dim_patient
[0m09:11:26.979997 [debug] [Thread-3 (]: Finished running node test.healthcare_proj.unique_stg_patients_patient_id.8907d3ccf0
[0m09:11:26.980226 [debug] [Thread-8 (]: Began running node model.healthcare_proj.int_patient_cohorts
[0m09:11:26.980419 [debug] [Thread-7 (]: Acquiring new snowflake connection 'model.healthcare_proj.dim_patient'
[0m09:11:26.980708 [debug] [Thread-8 (]: Re-using an available connection from the pool (formerly model.healthcare_proj.fact_encounters, now model.healthcare_proj.int_patient_cohorts)
[0m09:11:26.980864 [debug] [Thread-7 (]: Began compiling node model.healthcare_proj.dim_patient
[0m09:11:26.981006 [debug] [Thread-8 (]: Began compiling node model.healthcare_proj.int_patient_cohorts
[0m09:11:26.982573 [debug] [Thread-7 (]: Writing injected SQL for node "model.healthcare_proj.dim_patient"
[0m09:11:26.983691 [debug] [Thread-8 (]: Writing injected SQL for node "model.healthcare_proj.int_patient_cohorts"
[0m09:11:26.984026 [debug] [Thread-8 (]: Began executing node model.healthcare_proj.int_patient_cohorts
[0m09:11:26.984164 [debug] [Thread-7 (]: Began executing node model.healthcare_proj.dim_patient
[0m09:11:26.984405 [debug] [Thread-8 (]: Finished running node model.healthcare_proj.int_patient_cohorts
[0m09:11:26.984630 [debug] [Thread-7 (]: Finished running node model.healthcare_proj.dim_patient
[0m09:11:26.985143 [debug] [MainThread]: Connection 'master' was properly closed.
[0m09:11:26.985266 [debug] [MainThread]: Connection 'test.healthcare_proj.not_null_stg_patients_patient_id.e578180344' was left open.
[0m09:11:26.985382 [debug] [MainThread]: On test.healthcare_proj.not_null_stg_patients_patient_id.e578180344: Close
[0m09:11:27.029513 [debug] [MainThread]: Connection 'test.healthcare_proj.unique_stg_patients_patient_id.8907d3ccf0' was left open.
[0m09:11:27.029759 [debug] [MainThread]: On test.healthcare_proj.unique_stg_patients_patient_id.8907d3ccf0: Close
[0m09:11:27.070271 [debug] [MainThread]: Connection 'model.healthcare_proj.stg_patients' was left open.
[0m09:11:27.070568 [debug] [MainThread]: On model.healthcare_proj.stg_patients: Close
[0m09:11:27.116979 [debug] [MainThread]: Connection 'model.healthcare_proj.int_patient_encounters' was left open.
[0m09:11:27.117339 [debug] [MainThread]: On model.healthcare_proj.int_patient_encounters: Close
[0m09:11:27.156033 [debug] [MainThread]: Connection 'test.healthcare_proj.accepted_values_stg_patients_gender__M__F__O.8592a557cd' was properly closed.
[0m09:11:27.156375 [debug] [MainThread]: Connection 'model.healthcare_proj.int_patient_cohorts' was properly closed.
[0m09:11:27.156557 [debug] [MainThread]: Connection 'model.healthcare_proj.int_churn_metrics' was properly closed.
[0m09:11:27.156727 [debug] [MainThread]: Connection 'model.healthcare_proj.dim_patient' was properly closed.
[0m09:11:27.157920 [debug] [MainThread]: Command end result
[0m09:11:27.208971 [debug] [MainThread]: Wrote artifact WritableManifest to /Users/rajarshiraychaudhuri/Documents/RajRayc_Git/healthcare_proj/target/manifest.json
[0m09:11:27.210311 [debug] [MainThread]: Wrote artifact SemanticManifest to /Users/rajarshiraychaudhuri/Documents/RajRayc_Git/healthcare_proj/target/semantic_manifest.json
[0m09:11:27.213170 [debug] [MainThread]: Wrote artifact RunExecutionResult to /Users/rajarshiraychaudhuri/Documents/RajRayc_Git/healthcare_proj/target/run_results.json
[0m09:11:27.215367 [debug] [MainThread]: Acquiring new snowflake connection 'generate_catalog'
[0m09:11:27.215571 [info ] [MainThread]: Building catalog
[0m09:11:27.220257 [debug] [ThreadPool]: Acquiring new snowflake connection 'HEALTHCARE_DB.information_schema'
[0m09:11:27.228730 [debug] [ThreadPool]: Using snowflake connection "HEALTHCARE_DB.information_schema"
[0m09:11:27.229209 [debug] [ThreadPool]: On HEALTHCARE_DB.information_schema: with tables as (
            select
        table_catalog as "table_database",
        table_schema as "table_schema",
        table_name as "table_name",
        case
            when is_dynamic = 'YES' and table_type = 'BASE TABLE' THEN 'DYNAMIC TABLE'
            else table_type
        end as "table_type",
        comment as "table_comment",

        -- note: this is the _role_ that owns the table
        table_owner as "table_owner",

        'Clustering Key' as "stats:clustering_key:label",
        clustering_key as "stats:clustering_key:value",
        'The key used to cluster this table' as "stats:clustering_key:description",
        (clustering_key is not null) as "stats:clustering_key:include",

        'Row Count' as "stats:row_count:label",
        row_count as "stats:row_count:value",
        'An approximate count of rows in this table' as "stats:row_count:description",
        (row_count is not null) as "stats:row_count:include",

        'Approximate Size' as "stats:bytes:label",
        bytes as "stats:bytes:value",
        'Approximate size of the table as reported by Snowflake' as "stats:bytes:description",
        (bytes is not null) as "stats:bytes:include",

        'Last Modified' as "stats:last_modified:label",
        to_varchar(convert_timezone('UTC', last_altered), 'yyyy-mm-dd HH24:MI'||'UTC') as "stats:last_modified:value",
        'The timestamp for last update/change' as "stats:last_modified:description",
        (last_altered is not null and table_type='BASE TABLE') as "stats:last_modified:include"
    from HEALTHCARE_DB.INFORMATION_SCHEMA.tables
            where (
                (
                    
    "table_schema" ilike 'STAGING_staging' and upper("table_schema") = upper('STAGING_staging')

                    and 
    "table_name" ilike 'stg_claims' and upper("table_name") = upper('stg_claims')

                )
             or 
                (
                    
    "table_schema" ilike 'RAW' and upper("table_schema") = upper('RAW')

                    and 
    "table_name" ilike 'encounters' and upper("table_name") = upper('encounters')

                )
             or 
                (
                    
    "table_schema" ilike 'snapshots' and upper("table_schema") = upper('snapshots')

                    and 
    "table_name" ilike 'snap_patient_insurance' and upper("table_name") = upper('snap_patient_insurance')

                )
             or 
                (
                    
    "table_schema" ilike 'RAW' and upper("table_schema") = upper('RAW')

                    and 
    "table_name" ilike 'diagnoses' and upper("table_name") = upper('diagnoses')

                )
             or 
                (
                    
    "table_schema" ilike 'STAGING_intermediate' and upper("table_schema") = upper('STAGING_intermediate')

                    and 
    "table_name" ilike 'int_patient_encounters' and upper("table_name") = upper('int_patient_encounters')

                )
             or 
                (
                    
    "table_schema" ilike 'STAGING_intermediate' and upper("table_schema") = upper('STAGING_intermediate')

                    and 
    "table_name" ilike 'int_churn_metrics' and upper("table_name") = upper('int_churn_metrics')

                )
             or 
                (
                    
    "table_schema" ilike 'snapshots' and upper("table_schema") = upper('snapshots')

                    and 
    "table_name" ilike 'snap_provider' and upper("table_name") = upper('snap_provider')

                )
             or 
                (
                    
    "table_schema" ilike 'RAW' and upper("table_schema") = upper('RAW')

                    and 
    "table_name" ilike 'patients' and upper("table_name") = upper('patients')

                )
             or 
                (
                    
    "table_schema" ilike 'RAW' and upper("table_schema") = upper('RAW')

                    and 
    "table_name" ilike 'providers' and upper("table_name") = upper('providers')

                )
             or 
                (
                    
    "table_schema" ilike 'STAGING_intermediate' and upper("table_schema") = upper('STAGING_intermediate')

                    and 
    "table_name" ilike 'int_patient_cohorts' and upper("table_name") = upper('int_patient_cohorts')

                )
             or 
                (
                    
    "table_schema" ilike 'RAW' and upper("table_schema") = upper('RAW')

                    and 
    "table_name" ilike 'medications' and upper("table_name") = upper('medications')

                )
             or 
                (
                    
    "table_schema" ilike 'STAGING_staging' and upper("table_schema") = upper('STAGING_staging')

                    and 
    "table_name" ilike 'stg_patients' and upper("table_name") = upper('stg_patients')

                )
             or 
                (
                    
    "table_schema" ilike 'STAGING_marts' and upper("table_schema") = upper('STAGING_marts')

                    and 
    "table_name" ilike 'dim_patient' and upper("table_name") = upper('dim_patient')

                )
             or 
                (
                    
    "table_schema" ilike 'STAGING_staging' and upper("table_schema") = upper('STAGING_staging')

                    and 
    "table_name" ilike 'stg_encounters' and upper("table_name") = upper('stg_encounters')

                )
             or 
                (
                    
    "table_schema" ilike 'STAGING_marts' and upper("table_schema") = upper('STAGING_marts')

                    and 
    "table_name" ilike 'fact_encounters' and upper("table_name") = upper('fact_encounters')

                )
             or 
                (
                    
    "table_schema" ilike 'RAW' and upper("table_schema") = upper('RAW')

                    and 
    "table_name" ilike 'claims' and upper("table_name") = upper('claims')

                )
            )
        ),
        columns as (
            select
        table_catalog as "table_database",
        table_schema as "table_schema",
        table_name as "table_name",

        column_name as "column_name",
        ordinal_position as "column_index",
        data_type as "column_type",
        comment as "column_comment"
    from HEALTHCARE_DB.INFORMATION_SCHEMA.columns
            where (
                (
                    
    "table_schema" ilike 'STAGING_staging' and upper("table_schema") = upper('STAGING_staging')

                    and 
    "table_name" ilike 'stg_claims' and upper("table_name") = upper('stg_claims')

                )
             or 
                (
                    
    "table_schema" ilike 'RAW' and upper("table_schema") = upper('RAW')

                    and 
    "table_name" ilike 'encounters' and upper("table_name") = upper('encounters')

                )
             or 
                (
                    
    "table_schema" ilike 'snapshots' and upper("table_schema") = upper('snapshots')

                    and 
    "table_name" ilike 'snap_patient_insurance' and upper("table_name") = upper('snap_patient_insurance')

                )
             or 
                (
                    
    "table_schema" ilike 'RAW' and upper("table_schema") = upper('RAW')

                    and 
    "table_name" ilike 'diagnoses' and upper("table_name") = upper('diagnoses')

                )
             or 
                (
                    
    "table_schema" ilike 'STAGING_intermediate' and upper("table_schema") = upper('STAGING_intermediate')

                    and 
    "table_name" ilike 'int_patient_encounters' and upper("table_name") = upper('int_patient_encounters')

                )
             or 
                (
                    
    "table_schema" ilike 'STAGING_intermediate' and upper("table_schema") = upper('STAGING_intermediate')

                    and 
    "table_name" ilike 'int_churn_metrics' and upper("table_name") = upper('int_churn_metrics')

                )
             or 
                (
                    
    "table_schema" ilike 'snapshots' and upper("table_schema") = upper('snapshots')

                    and 
    "table_name" ilike 'snap_provider' and upper("table_name") = upper('snap_provider')

                )
             or 
                (
                    
    "table_schema" ilike 'RAW' and upper("table_schema") = upper('RAW')

                    and 
    "table_name" ilike 'patients' and upper("table_name") = upper('patients')

                )
             or 
                (
                    
    "table_schema" ilike 'RAW' and upper("table_schema") = upper('RAW')

                    and 
    "table_name" ilike 'providers' and upper("table_name") = upper('providers')

                )
             or 
                (
                    
    "table_schema" ilike 'STAGING_intermediate' and upper("table_schema") = upper('STAGING_intermediate')

                    and 
    "table_name" ilike 'int_patient_cohorts' and upper("table_name") = upper('int_patient_cohorts')

                )
             or 
                (
                    
    "table_schema" ilike 'RAW' and upper("table_schema") = upper('RAW')

                    and 
    "table_name" ilike 'medications' and upper("table_name") = upper('medications')

                )
             or 
                (
                    
    "table_schema" ilike 'STAGING_staging' and upper("table_schema") = upper('STAGING_staging')

                    and 
    "table_name" ilike 'stg_patients' and upper("table_name") = upper('stg_patients')

                )
             or 
                (
                    
    "table_schema" ilike 'STAGING_marts' and upper("table_schema") = upper('STAGING_marts')

                    and 
    "table_name" ilike 'dim_patient' and upper("table_name") = upper('dim_patient')

                )
             or 
                (
                    
    "table_schema" ilike 'STAGING_staging' and upper("table_schema") = upper('STAGING_staging')

                    and 
    "table_name" ilike 'stg_encounters' and upper("table_name") = upper('stg_encounters')

                )
             or 
                (
                    
    "table_schema" ilike 'STAGING_marts' and upper("table_schema") = upper('STAGING_marts')

                    and 
    "table_name" ilike 'fact_encounters' and upper("table_name") = upper('fact_encounters')

                )
             or 
                (
                    
    "table_schema" ilike 'RAW' and upper("table_schema") = upper('RAW')

                    and 
    "table_name" ilike 'claims' and upper("table_name") = upper('claims')

                )
            )
        )
        select *
    from tables
    join columns using ("table_database", "table_schema", "table_name")
    order by "column_index"
/* {"app": "dbt", "dbt_version": "1.11.6", "profile_name": "healthcare_proj", "target_name": "prod", "connection_name": "HEALTHCARE_DB.information_schema"} */
[0m09:11:27.229599 [debug] [ThreadPool]: Opening a new connection, currently in state init
[0m09:11:33.456741 [debug] [ThreadPool]: SQL status: SUCCESS 184 in 6.227 seconds
[0m09:11:34.456440 [debug] [MainThread]: Wrote artifact CatalogArtifact to /Users/rajarshiraychaudhuri/Documents/RajRayc_Git/healthcare_proj/target/catalog.json
[0m09:11:34.468619 [debug] [MainThread]: Wrote artifact WritableManifest to /Users/rajarshiraychaudhuri/Documents/RajRayc_Git/healthcare_proj/target/manifest.json
[0m09:11:34.469674 [debug] [MainThread]: Wrote artifact SemanticManifest to /Users/rajarshiraychaudhuri/Documents/RajRayc_Git/healthcare_proj/target/semantic_manifest.json
[0m09:11:34.469826 [info ] [MainThread]: Catalog written to /Users/rajarshiraychaudhuri/Documents/RajRayc_Git/healthcare_proj/target/catalog.json
[0m09:11:34.472842 [debug] [MainThread]: Resource report: {"command_name": "generate", "command_success": true, "command_wall_clock_time": 9.522409, "process_in_blocks": "0", "process_kernel_time": 0.269056, "process_mem_max_rss": "194232320", "process_out_blocks": "0", "process_user_time": 2.737297}
[0m09:11:34.473174 [debug] [MainThread]: Command `dbt docs generate` succeeded at 09:11:34.473127 after 9.52 seconds
[0m09:11:34.473338 [debug] [MainThread]: Connection 'generate_catalog' was properly closed.
[0m09:11:34.473452 [debug] [MainThread]: Connection 'HEALTHCARE_DB.information_schema' was left open.
[0m09:11:34.473563 [debug] [MainThread]: On HEALTHCARE_DB.information_schema: Close
[0m09:11:34.513076 [debug] [MainThread]: Sending event: {'category': 'dbt', 'action': 'invocation', 'label': 'end', 'context': [<snowplow_tracker.self_describing_json.SelfDescribingJson object at 0x106448560>, <snowplow_tracker.self_describing_json.SelfDescribingJson object at 0x12745ca40>, <snowplow_tracker.self_describing_json.SelfDescribingJson object at 0x1273f8d10>]}
[0m09:11:34.513376 [debug] [MainThread]: Flushing usage events
[0m09:11:35.443459 [debug] [MainThread]: An error was encountered while trying to flush usage events
[0m09:11:36.426483 [debug] [MainThread]: Sending event: {'category': 'dbt', 'action': 'invocation', 'label': 'start', 'context': [<snowplow_tracker.self_describing_json.SelfDescribingJson object at 0x106d8b5f0>, <snowplow_tracker.self_describing_json.SelfDescribingJson object at 0x107b90e90>, <snowplow_tracker.self_describing_json.SelfDescribingJson object at 0x107b90c20>]}


============================== 09:11:36.428520 | 088f6247-002e-4cf3-9b26-a7a12cd4bea6 ==============================
[0m09:11:36.428520 [info ] [MainThread]: Running with dbt=1.11.6
[0m09:11:36.428789 [debug] [MainThread]: running dbt with arguments {'write_json': 'True', 'debug': 'False', 'target_path': 'None', 'introspect': 'True', 'log_format': 'default', 'cache_selected_only': 'False', 'warn_error': 'None', 'invocation_command': 'dbt docs serve --profiles-dir /Users/rajarshiraychaudhuri/Documents/RajRayc_Git/healthcare_proj --port 8000', 'partial_parse': 'True', 'log_cache_events': 'False', 'no_print': 'None', 'log_path': '/Users/rajarshiraychaudhuri/Documents/RajRayc_Git/healthcare_proj/logs', 'empty': 'None', 'use_experimental_parser': 'False', 'use_colors': 'True', 'fail_fast': 'False', 'warn_error_options': 'WarnErrorOptionsV2(error=[], warn=[], silence=[])', 'quiet': 'False', 'indirect_selection': 'eager', 'version_check': 'True', 'profiles_dir': '/Users/rajarshiraychaudhuri/Documents/RajRayc_Git/healthcare_proj', 'static_parser': 'True', 'send_anonymous_usage_stats': 'True', 'printer_width': '80'}
[0m09:11:36.544659 [debug] [MainThread]: Snowflake adapter: Setting snowflake.connector to ERROR (file logging only)
[0m09:11:36.544959 [debug] [MainThread]: Snowflake adapter: Setting botocore to ERROR (file logging only)
[0m09:11:36.545105 [debug] [MainThread]: Snowflake adapter: Setting boto3 to ERROR (file logging only)
[0m09:11:36.662105 [debug] [MainThread]: Sending event: {'category': 'dbt', 'action': 'project_id', 'label': '088f6247-002e-4cf3-9b26-a7a12cd4bea6', 'context': [<snowplow_tracker.self_describing_json.SelfDescribingJson object at 0x109934440>]}
[0m09:11:36.728261 [debug] [MainThread]: Sending event: {'category': 'dbt', 'action': 'adapter_info', 'label': '088f6247-002e-4cf3-9b26-a7a12cd4bea6', 'context': [<snowplow_tracker.self_describing_json.SelfDescribingJson object at 0x1072cc200>]}
